customer_id,Full Name,email,SignupDate,city,segment,age,marketing_optin,country
C100636,Nina Leroy,user636@example.com,2023/05/22,Strasbourg,basic,41,1,FR
C100683,Emma Moreau,user683@example.com,29/07/2024,Bordeaux,plus,70,1,FR
C101033,Omar Richard,user1033@example.com,2023/07/08,Lyon,premium,31,1,FR
C100190,Camille Bernard,user190@example.com,2024/02/15,Marseille,premium,57,0,FR
C101083,Sarah Dubois,user1083@example.com,2023/11/30,Bordeaux,plus,30,0,FR
C100283,Yanis Moreau,user283@example.com,2023/10/22,Paris,basic,43,0,FR
C100817,Nina Dubois,user817@example.com,05/03/2023,Nantes,basic,27,0,FR
C100314,Inès Petit,user314@example.com,27/05/2023,Lyon,premium,31,0,FR
C100537,Yanis Robert,user537@example.com,2023-03-11,Paris,basic,52,1,FR
C100664,Inès Leroy,user664@example.com,25/12/2023,Bordeaux,plus,28,0,FR
C100239,Jules Moreau,user239@example.com,2024-01-12,Strasbourg,premium,29,0,FR
C100135,Camille Durand,user135@example.com,2023/07/02,Strasbourg,premium,53,1,FR
C100335,Noah Dubois,user335@example.com,29/04/2024,Paris,basic,22,1,FR
C100189,Jules Robert,user189@example.com,2023/06/30,Strasbourg,basic,72,0,FR
C100838,Yanis Moreau,user838@example.com,2023/01/09,Strasbourg,plus,22,1,FR
C100321,Inès Petit,user321@example.com,2023-03-06,Nantes,basic,55,1,FR
C101146,Sarah Bernard,user1146@example.com,15/11/2023,Marseille,premium,32,0,FR
C100228,Inès Durand,user228@example.com,2023/11/25,Marseille,plus,60,1,FR
C100480,Léa Thomas,user480@example.com,2023-06-22,Strasbourg,plus,61,1,FR
C101043,Inès Bernard,user1043@example.com,12/08/2023,Paris,basic,16,1,FR
C101006,Léa Robert,user1006@example.com,2024/05/25,Lyon,plus,43,1,FR
C100306,Léa Durand,user306@example.com,2023-07-01,Strasbourg,plus,64,0,FR
C101092,Nina Moreau,user1092@example.com,2024-05-20,Lyon,plus,24,1,FR
C100568,Camille Durand,user568@example.com,2024-01-21,Paris,basic,58,1,FR
C100220,Jules Petit,user220@example.com,2023/03/18,Strasbourg,plus,72,0,FR
C100831,Nina Dubois,user831@example.com,2023/05/25,Lyon,basic,51,1,FR
C100581,Hugo Bernard,user581@example.com,2024/05/15,Marseille,plus,76,1,FR
C100198,Camille Petit,user198@example.com,2023-07-23,Paris,plus,59,0,FR
C100916,Sarah Petit,user916@example.com,2023-11-22,Strasbourg,basic,28,1,FR
C100455,Camille Leroy,user455@example.com,30/11/2023,Lyon,basic,37,1,FR
C101154,Léa Richard,user1154@example.com,2023/07/02,Marseille,basic,59,1,FR
C101159,Alex Dubois,user1159@example.com,24/07/2023,Lyon,basic,72,0,FR
C101070,Nina Dubois,user1070@example.com,2024-02-09,Marseille,plus,66,1,FR
C100708,Yanis Leroy,user708@example.com,2023/10/13,Paris,plus,52,1,FR
C100065,Hugo Bernard,user65@example.com,2023/07/15,Paris,plus,53,1,FR
C100211,Alex Robert,user211@example.com,2024/03/06,Toulouse,premium,19,1,FR
C100548,Alex Robert,user548@example.com,2023/11/06,Bordeaux,basic,35,0,FR
C101064,Léa Petit,user1064@example.com,2024/03/27,Paris,plus,74,0,FR
C100984,Noah Durand,user984@example.com,2023-12-19,Nantes,basic,52,1,FR
C100159,Jules Bernard,user159@example.com,2024-04-15,Marseille,basic,76,0,FR
C100430,Sarah Moreau,user430@example.com,2023/02/20,Toulouse,basic,24,1,FR
C100484,Jules Robert,user484@example.com,2023/10/05,Marseille,basic,79,1,FR
C100049,Hugo Richard,user49@example.com,12/04/2024,Strasbourg,premium,73,0,FR
C100081,Hugo Thomas,user81@example.com,2023/09/20,Nantes,basic,79,0,FR
C100641,Camille Durand,user641@example.com,03/07/2024,Paris,plus,48,0,FR
C100589,Nina Martin,user589@example.com,2024-05-21,Bordeaux,basic,71,0,FR
C100623,Hugo Richard,user623@example.com,2023-09-08,Strasbourg,plus,31,1,FR
C101060,Léa Dubois,user1060@example.com,2024/04/07,Paris,plus,48,1,FR
C100613,Yanis Bernard,user613@example.com,20/08/2023,Lille,basic,73,1,FR
C100347,Nina Petit,user347@example.com,2024-07-15,Bordeaux,plus,68,1,FR
C101017,Camille Petit,user1017@example.com,2023/10/24,Strasbourg,premium,75,1,FR
C100331,Sarah Petit,user331@example.com,2023-08-11,Paris,basic,41,0,FR
C100639,Yanis Robert,user639@example.com,2024/07/23,Toulouse,plus,51,1,FR
C100248,Alex Petit,user248@example.com,2024-04-17,Nantes,plus,34,1,FR
C100435,Jules Robert,user435@example.com,16/03/2023,Toulouse,basic,71,1,FR
C100824,Camille Petit,user824@example.com,09/01/2024,Paris,basic,29,1,FR
C100547,Léa Robert,user547@example.com,2023/12/21,Lille,basic,46,1,FR
C100408,Yanis Leroy,user408@example.com,14/07/2024,Lyon,basic,47,1,FR
C100340,Emma Martin,user340@example.com,2024-01-16,Lille,plus,40,0,FR
C101024,Emma Richard,user1024@example.com,08/05/2024,Lille,premium,49,1,FR
C100567,Hugo Richard,user567@example.com,2023-05-30,Lille,basic,53,1,FR
C100280,Inès Thomas,user280@example.com,2023-06-15,Lyon,basic,36,1,FR
C100186,Hugo Leroy,user186@example.com,2023-04-10,Toulouse,plus,77,1,FR
C100798,Inès Dubois,user798@example.com,2023/07/09,Marseille,plus,64,1,FR
C100148,Emma Durand,user148@example.com,2024-05-08,Nantes,basic,32,1,FR
C100320,Omar Martin,user320@example.com,12/07/2023,Bordeaux,basic,68,0,FR
C100912,Inès Robert,user912@example.com,14/08/2023,Strasbourg,basic,45,1,FR
C100967,Léa Leroy,user967@example.com,10/07/2023,Bordeaux,basic,37,0,FR
C100930,Nina Martin,user930@example.com,2023-11-19,Nantes,basic,69,1,FR
C101076,Sarah Dubois,user1076@example.com,2024-03-02,Lyon,plus,74,1,FR
C100350,Yanis Martin,user350@example.com,2023/11/16,Marseille,basic,26,0,FR
C100819,Noah Richard,user819@example.com,22/08/2024,Lille,basic,26,1,FR
C100534,Inès Bernard,user534@example.com,2023/12/13,Bordeaux,premium,54,1,FR
C101116,Yanis Bernard,user1116@example.com,2024-08-20,Paris,basic,36,1,FR
C100027,Emma Moreau,user27@example.com,08/05/2024,Strasbourg,basic,50,1,FR
C101023,Camille Thomas,user1023@example.com,2024-05-20,Lille,basic,25,1,FR
C100142,Omar Martin,user142@example.com,2023/06/15,Paris,basic,69,1,FR
C100288,Inès Dubois,user288@example.com,22/11/2023,Paris,premium,24,0,FR
C100845,Yanis Robert,user845@example.com,2023/01/04,Strasbourg,basic,19,1,FR
C100439,Léa Robert,user439@example.com,2023-08-27,Marseille,plus,73,1,FR
C101026,Hugo Martin,user1026@example.com,2023/02/16,Strasbourg,plus,25,1,FR
C100529,Emma Moreau,user529@example.com,2024-07-06,Paris,basic,47,1,FR
C100133,Jules Robert,user133@example.com,02/12/2023,Bordeaux,premium,68,0,FR
C100473,Alex Thomas,user473@example.com,08/10/2023,Bordeaux,basic,45,1,FR
C100593,Léa Petit,user593@example.com,2024/08/10,Marseille,plus,68,0,FR
C100201,Jules Robert,user201@example.com,29/06/2024,Lyon,basic,18,1,FR
C100650,Hugo Petit,user650@example.com,2023-10-21,Paris,basic,32,0,FR
C100888,Omar Richard,user888@example.com,2023-01-10,Marseille,plus,64,1,FR
C100632,Camille Robert,user632@example.com,18/09/2023,Toulouse,basic,37,1,FR
C100521,Léa Richard,user521@example.com,2023-03-29,Nantes,basic,69,1,FR
C101010,Sarah Durand,user1010@example.com,2023-06-11,Nantes,premium,58,0,FR
C100424,Camille Thomas,user424@example.com,2023/09/08,Toulouse,basic,49,0,FR
C100927,Léa Dubois,user927@example.com,2023-06-30,Nantes,basic,22,1,FR
C100694,Léa Robert,user694@example.com,2023-02-24,Lyon,basic,65,1,FR
C100080,Emma Leroy,user80@example.com,2024-07-18,Nantes,basic,40,0,FR
C101126,Yanis Leroy,user1126@example.com,27/05/2024,Marseille,basic,63,1,FR
C100108,Hugo Thomas,user108@example.com,2023-10-10,Lille,basic,67,0,FR
C100836,Emma Bernard,user836@example.com,2024-04-30,Toulouse,premium,32,1,FR
C100834,Inès Dubois,user834@example.com,27/05/2024,Strasbourg,basic,65,0,FR
C100555,Léa Leroy,user555@example.com,2023/10/30,Marseille,plus,68,1,FR
C100935,Nina Thomas,user935@example.com,18/07/2024,Nantes,basic,51,0,FR
C100604,Yanis Robert,user604@example.com,10/05/2024,Lyon,plus,17,1,FR
C100943,Alex Bernard,user943@example.com,12/10/2023,Toulouse,plus,45,1,FR
C100301,Omar Leroy,user301@example.com,2024/05/10,Marseille,premium,50,0,FR
C100452,Jules Dubois,user452@example.com,2023-10-27,Paris,basic,61,0,FR
C100126,Emma Bernard,user126@example.com,17/02/2023,Nantes,basic,41,1,FR
C100471,Yanis Moreau,user471@example.com,2024-04-27,Toulouse,plus,43,1,FR
C100535,Yanis Bernard,user535@example.com,03/04/2023,Bordeaux,plus,20,1,FR
C100006,Omar Martin,user6@example.com,21/02/2023,Toulouse,plus,45,1,FR
C101004,Camille Petit,user1004@example.com,2023/03/18,Lille,basic,35,1,FR
C100962,Hugo Petit,user962@example.com,19/05/2024,Lille,basic,28,1,FR
C100628,Emma Martin,user628@example.com,2023-10-31,Toulouse,premium,17,1,FR
C100968,Alex Petit,user968@example.com,2024/07/06,Strasbourg,basic,46,1,FR
C100047,Omar Robert,user47@example.com,2024-06-19,Lille,basic,22,1,FR
C101150,Emma Moreau,user1150@example.com,2023-08-10,Toulouse,basic,41,0,FR
C100088,Sarah Thomas,user88@example.com,05/04/2024,Paris,basic,37,1,FR
C101069,Emma Leroy,user1069@example.com,2023/01/07,Strasbourg,premium,58,0,FR
C100216,Nina Leroy,user216@example.com,2023/02/17,Nantes,basic,19,1,FR
C100594,Hugo Dubois,user594@example.com,12/07/2023,Lille,premium,50,0,FR
C100386,Noah Leroy,user386@example.com,2023/02/10,Bordeaux,basic,71,1,FR
C100090,Hugo Bernard,user90@example.com,2023/09/19,Lyon,basic,69,1,FR
C100094,Emma Durand,user94@example.com,22/06/2024,Strasbourg,basic,46,1,FR
C100512,Sarah Petit,user512@example.com,2024/05/19,Strasbourg,premium,29,1,FR
C100267,Sarah Robert,user267@example.com,2023-07-28,Lille,basic,17,1,FR
C100804,Omar Leroy,user804@example.com,2024/03/18,Bordeaux,basic,54,0,FR
C100119,Inès Durand,user119@example.com,2023-03-10,Lille,premium,49,0,FR
C100236,Omar Leroy,user236@example.com,02/02/2024,Lille,basic,74,1,FR
C100393,Sarah Durand,user393@example.com,2023/12/26,Paris,basic,21,0,FR
C100258,Nina Petit,user258@example.com,2023/04/16,Marseille,premium,32,1,FR
C100828,Léa Bernard,user828@example.com,02/06/2024,Toulouse,basic,44,1,FR
C100853,Emma Bernard,user853@example.com,2023/05/24,Strasbourg,plus,45,1,FR
C100977,Jules Martin,user977@example.com,2023/12/10,Lille,plus,22,0,FR
C100309,Camille Robert,user309@example.com,2023/03/07,Nantes,plus,34,0,FR
C100120,Omar Thomas,user120@example.com,21/09/2023,Paris,basic,78,0,FR
C100231,Alex Thomas,user231@example.com,2024/05/28,Lyon,plus,69,0,FR
C100887,Sarah Leroy,user887@example.com,2023-04-26,Nantes,basic,31,1,FR
C100019,Camille Petit,user19@example.com,28/09/2023,Lille,basic,75,0,FR
C101021,Hugo Durand,user1021@example.com,13/02/2023,Lyon,basic,61,0,FR
C100202,Jules Durand,user202@example.com,2023-10-25,Marseille,premium,56,1,FR
C100255,Noah Robert,user255@example.com,28/03/2023,Paris,basic,73,1,FR
C100765,Sarah Robert,user765@example.com,13/04/2024,Nantes,basic,56,1,FR
C100584,Omar Bernard,user584@example.com,2023/08/31,Nantes,basic,19,1,FR
C101053,Nina Leroy,user1053@example.com,2024/07/29,Toulouse,plus,59,1,FR
C101008,Camille Richard,user1008@example.com,2024-03-16,Lyon,basic,46,0,FR
C100101,Omar Richard,user101@example.com,2023/04/30,Lille,plus,58,0,FR
C100975,Noah Bernard,user975@example.com,2023/05/16,Bordeaux,plus,76,0,FR
C100900,Noah Leroy,user900@example.com,2023-01-03,Strasbourg,plus,55,0,FR
C100786,Yanis Petit,user786@example.com,2023/01/20,Bordeaux,basic,30,1,FR
C100576,Emma Bernard,user576@example.com,09/07/2024,Marseille,plus,26,1,FR
C100978,Nina Leroy,user978@example.com,2023/07/30,Nantes,basic,61,1,FR
C100638,Jules Robert,user638@example.com,2024/04/20,Lyon,plus,43,1,FR
C100472,Yanis Robert,user472@example.com,17/09/2023,Marseille,plus,31,1,FR
C100673,Alex Richard,user673@example.com,2023/02/27,Strasbourg,premium,27,0,FR
C100582,Inès Robert,user582@example.com,2023-03-06,Paris,basic,40,1,FR
C100950,Camille Martin,user950@example.com,2023-02-26,Marseille,plus,72,1,FR
C100607,Yanis Richard,user607@example.com,2023/11/05,Lille,basic,67,0,FR
C100041,Jules Durand,user41@example.com,30/03/2024,Bordeaux,basic,23,1,FR
C100560,Inès Petit,user560@example.com,2023/11/18,Lille,basic,57,1,FR
C100204,Léa Martin,user204@example.com,2023/10/02,Lyon,basic,65,1,FR
C100754,Jules Durand,user754@example.com,2023/11/30,Strasbourg,premium,51,1,FR
C100616,Hugo Robert,user616@example.com,2023-05-30,Lyon,plus,38,1,FR
C100154,Alex Martin,user154@example.com,18/09/2023,Lyon,premium,40,0,FR
C101091,Noah Moreau,user1091@example.com,2023-09-26,Marseille,plus,42,1,FR
C100520,Alex Thomas,user520@example.com,2023-08-03,Paris,basic,36,1,FR
C100111,Inès Bernard,user111@example.com,2024-04-13,Marseille,premium,50,0,FR
C100902,Hugo Dubois,user902@example.com,2023/05/12,Lyon,plus,33,1,FR
C100496,Alex Bernard,user496@example.com,2023/03/13,Lille,basic,16,1,FR
C100200,Alex Richard,user200@example.com,2023-08-08,Bordeaux,basic,28,1,FR
C100195,Inès Robert,user195@example.com,22/02/2023,Toulouse,basic,29,1,FR
C100742,Noah Richard,user742@example.com,16/01/2024,Bordeaux,basic,35,1,FR
C100979,Nina Dubois,user979@example.com,06/12/2023,Lille,premium,24,1,FR
C100659,Emma Petit,user659@example.com,22/06/2023,Nantes,basic,73,0,FR
C100370,Camille Moreau,user370@example.com,2023/07/21,Paris,basic,54,1,FR
C100802,Noah Petit,user802@example.com,2023/11/06,Lille,premium,16,0,FR
C101194,Noah Martin,user1194@example.com,2023-11-12,Lille,plus,24,0,FR
C101005,Hugo Dubois,user1005@example.com,2024/07/06,Bordeaux,plus,25,0,FR
C100663,Camille Bernard,user663@example.com,02/05/2023,Marseille,basic,35,1,FR
C100697,Jules Martin,user697@example.com,21/12/2023,Bordeaux,basic,47,0,FR
C100078,Léa Bernard,user78@example.com,2023/12/05,Paris,premium,58,1,FR
C100571,Noah Dubois,user571@example.com,07/09/2023,Lille,plus,63,0,FR
C100675,Yanis Thomas,user675@example.com,11/03/2024,Paris,plus,49,1,FR
C101127,Yanis Durand,user1127@example.com,2024-01-18,Lyon,basic,53,1,FR
C100060,Léa Durand,user60@example.com,07/07/2024,Marseille,basic,19,1,FR
C101124,Noah Richard,user1124@example.com,2024/05/19,Nantes,basic,74,1,FR
C100375,Alex Richard,user375@example.com,2023/02/26,Marseille,basic,26,1,FR
C100401,Sarah Richard,user401@example.com,2024-04-11,Nantes,basic,42,1,FR
C100481,Emma Dubois,user481@example.com,12/05/2024,Paris,plus,61,1,FR
C100863,Yanis Bernard,user863@example.com,2024-04-08,Nantes,basic,44,0,FR
C100684,Alex Martin,user684@example.com,2023-04-12,Toulouse,basic,50,0,FR
C101140,Sarah Richard,user1140@example.com,2024/06/12,Lille,basic,32,1,FR
C100976,Hugo Richard,user976@example.com,2023-02-27,Paris,basic,41,0,FR
C100932,Omar Leroy,user932@example.com,2023/06/04,Toulouse,premium,69,1,FR
C100483,Camille Martin,user483@example.com,2024/04/23,Bordeaux,basic,64,1,FR
C100062,Camille Dubois,user62@example.com,2023-08-08,Lille,basic,73,0,FR
C100336,Yanis Dubois,user336@example.com,2024/07/31,Lyon,plus,45,1,FR
C100702,Jules Petit,user702@example.com,2023-04-11,Nantes,plus,18,1,FR
C101172,Sarah Durand,user1172@example.com,23/08/2023,Paris,basic,47,1,FR
C100099,Noah Thomas,user99@example.com,2023/03/25,Paris,basic,53,0,FR
C101109,Jules Richard,user1109@example.com,2023/01/27,Toulouse,premium,49,1,FR
C100861,Yanis Leroy,user861@example.com,2024-07-10,Toulouse,basic,30,0,FR
C100076,Noah Robert,user76@example.com,18/07/2023,Nantes,basic,42,0,FR
C100895,Yanis Thomas,user895@example.com,2024-01-02,Bordeaux,basic,20,1,FR
C100954,Camille Durand,user954@example.com,2024-04-16,Nantes,plus,25,0,FR
C100274,Noah Dubois,user274@example.com,2023-09-08,Strasbourg,basic,25,1,FR
C100822,Omar Moreau,user822@example.com,2023/03/23,Nantes,basic,28,1,FR
C100304,Yanis Robert,user304@example.com,2023-11-22,Toulouse,plus,22,1,FR
C100205,Camille Bernard,user205@example.com,2023/06/09,Lyon,basic,76,1,FR
C100262,Emma Petit,user262@example.com,2023-06-29,Paris,basic,55,0,FR
C101182,Jules Leroy,user1182@example.com,2024-02-19,Strasbourg,basic,75,1,FR
C100793,Emma Robert,user793@example.com,10/05/2024,Nantes,basic,56,0,FR
C100390,Omar Moreau,user390@example.com,24/03/2024,Nantes,basic,62,0,FR
C100034,Yanis Richard,user34@example.com,16/06/2024,Nantes,basic,78,1,FR
C100085,Hugo Richard,user85@example.com,2024-02-25,Paris,premium,28,0,FR
C100156,Léa Leroy,user156@example.com,17/03/2023,Marseille,basic,26,0,FR
C100075,Yanis Martin,user75@example.com,2023-10-13,Nantes,basic,58,1,FR
C100035,Jules Richard,user35@example.com,2023-02-08,Marseille,basic,49,1,FR
C101075,Léa Dubois,user1075@example.com,09/04/2023,Lille,basic,21,1,FR
C100395,Hugo Moreau,user395@example.com,2024-06-08,Lyon,plus,42,1,FR
C100058,Omar Richard,user58@example.com,2024/03/22,Toulouse,basic,32,0,FR
C100572,Omar Dubois,user572@example.com,19/06/2023,Marseille,plus,39,0,FR
C101030,Yanis Bernard,user1030@example.com,2023/10/20,Nantes,basic,37,1,FR
C100709,Inès Moreau,user709@example.com,07/10/2023,Strasbourg,premium,72,1,FR
C100194,Inès Richard,user194@example.com,2024/07/29,Lyon,plus,57,1,FR
C100764,Alex Dubois,user764@example.com,2023/08/05,Bordeaux,plus,21,0,FR
C100259,Noah Robert,user259@example.com,2023-12-19,Toulouse,basic,56,0,FR
C100459,Omar Durand,user459@example.com,2023/03/05,Marseille,basic,31,1,FR
C100527,Yanis Durand,user527@example.com,2023/03/28,Toulouse,premium,31,0,FR
C101097,Hugo Petit,user1097@example.com,2024/03/29,Lille,basic,77,1,FR
C101168,Hugo Richard,user1168@example.com,2024/08/21,Lyon,basic,28,1,FR
C100372,Camille Robert,user372@example.com,2023/09/04,Nantes,plus,71,1,FR
C101165,Hugo Richard,user1165@example.com,04/03/2023,Paris,plus,22,0,FR
C100813,Omar Moreau,user813@example.com,2023/06/20,Strasbourg,basic,37,0,FR
C100955,Hugo Leroy,user955@example.com,02/01/2024,Lille,premium,41,1,FR
C101123,Nina Moreau,user1123@example.com,2023-05-27,Nantes,basic,78,1,FR
C100181,Nina Bernard,user181@example.com,2023-04-02,Marseille,basic,77,0,FR
C100008,Inès Thomas,user8@example.com,2023/05/01,Marseille,basic,40,0,FR
C100772,Camille Leroy,user772@example.com,2023-01-03,Nantes,plus,31,1,FR
C101136,Emma Durand,user1136@example.com,2024/03/10,Lille,premium,26,1,FR
C100891,Léa Richard,user891@example.com,01/03/2024,Marseille,premium,53,1,FR
C100388,Hugo Leroy,user388@example.com,19/06/2024,Bordeaux,basic,68,1,FR
C101184,Omar Dubois,user1184@example.com,10/09/2023,Lyon,basic,24,1,FR
C100771,Noah Martin,user771@example.com,2024/08/14,Strasbourg,premium,60,1,FR
C100329,Hugo Thomas,user329@example.com,2023-11-29,Strasbourg,basic,54,0,FR
C100587,Noah Robert,user587@example.com,2023/03/01,Paris,plus,79,1,FR
C100746,Nina Bernard,user746@example.com,16/11/2023,Lyon,basic,25,0,FR
C100997,Omar Durand,user997@example.com,2023/08/05,Bordeaux,basic,55,1,FR
C100982,Emma Dubois,user982@example.com,2023-11-25,Toulouse,plus,72,1,FR
C100671,Yanis Moreau,user671@example.com,2024-01-04,Lyon,basic,45,1,FR
C100897,Jules Bernard,user897@example.com,02/02/2023,Bordeaux,basic,65,1,FR
C100773,Inès Petit,user773@example.com,06/03/2024,Marseille,basic,59,1,FR
C100854,Hugo Moreau,user854@example.com,2023/06/22,Nantes,basic,31,1,FR
C100915,Yanis Durand,user915@example.com,2023/10/03,Lyon,premium,43,0,FR
C100134,Yanis Thomas,user134@example.com,2024-04-21,Toulouse,premium,40,1,FR
C100730,Omar Durand,user730@example.com,2024-03-13,Paris,plus,53,1,FR
C100711,Sarah Durand,user711@example.com,2023-11-10,Strasbourg,basic,67,1,FR
C100244,Omar Moreau,user244@example.com,2024/01/13,Lyon,basic,67,0,FR
C100311,Nina Richard,user311@example.com,2024/02/08,Lyon,basic,60,1,FR
C100010,Alex Leroy,user10@example.com,2023/11/12,Toulouse,plus,29,0,FR
C100414,Noah Thomas,user414@example.com,2023-01-11,Paris,plus,67,0,FR
C100528,Camille Martin,user528@example.com,2024-07-03,Lille,basic,27,1,FR
C100653,Yanis Martin,user653@example.com,2024-04-27,Lyon,plus,66,0,FR
C100597,Omar Moreau,user597@example.com,2024-04-12,Lyon,basic,41,1,FR
C100815,Sarah Bernard,user815@example.com,2024-05-17,Marseille,basic,62,1,FR
C100801,Alex Durand,user801@example.com,2023/07/01,Paris,basic,79,0,FR
C100104,Inès Thomas,user104@example.com,2024-04-23,Toulouse,plus,28,1,FR
C100367,Alex Robert,user367@example.com,09/07/2023,Toulouse,basic,28,1,FR
C100747,Omar Richard,user747@example.com,2023-07-08,Strasbourg,premium,19,1,FR
C100426,Noah Leroy,user426@example.com,2024/06/02,Toulouse,basic,35,0,FR
C101011,Hugo Petit,user1011@example.com,24/04/2024,Bordeaux,basic,57,0,FR
C100839,Hugo Durand,user839@example.com,2024/06/30,Lille,plus,75,0,FR
C100755,Inès Bernard,user755@example.com,2023/09/20,Lille,premium,48,0,FR
C100494,Omar Richard,user494@example.com,2023-06-23,Lyon,plus,75,0,FR
C100805,Noah Thomas,user805@example.com,13/04/2024,Lyon,premium,19,0,FR
C100992,Emma Thomas,user992@example.com,2023/04/29,Marseille,plus,41,0,FR
C100139,Inès Dubois,user139@example.com,2023/09/20,Lille,basic,37,1,FR
C100763,Emma Robert,user763@example.com,15/07/2024,Bordeaux,basic,22,0,FR
C100165,Alex Moreau,user165@example.com,03/05/2024,Paris,basic,22,1,FR
C100226,Omar Martin,user226@example.com,2024-04-30,Nantes,basic,32,1,FR
C100876,Camille Leroy,user876@example.com,2023/11/20,Lille,premium,49,0,FR
C100180,Sarah Dubois,user180@example.com,2024-07-16,Strasbourg,basic,73,1,FR
C100191,Noah Leroy,user191@example.com,14/01/2024,Toulouse,plus,49,0,FR
C100298,Léa Moreau,user298@example.com,2023-06-20,Lille,basic,76,1,FR
C100830,Inès Richard,user830@example.com,28/05/2023,Toulouse,basic,46,1,FR
C100644,Léa Richard,user644@example.com,2024/04/07,Nantes,basic,32,0,FR
C100920,Jules Robert,user920@example.com,2024-06-07,Bordeaux,basic,78,0,FR
C100707,Hugo Bernard,user707@example.com,2023/12/10,Lyon,basic,21,1,FR
C100812,Nina Moreau,user812@example.com,15/02/2024,Lyon,basic,56,1,FR
C101080,Sarah Bernard,user1080@example.com,2024-07-06,Bordeaux,basic,25,1,FR
C100851,Alex Richard,user851@example.com,2024-04-25,Marseille,basic,63,0,FR
C101038,Omar Leroy,user1038@example.com,2023/09/20,Lille,basic,33,1,FR
C100242,Omar Richard,user242@example.com,26/02/2023,Strasbourg,basic,41,1,FR
C100017,Jules Thomas,user17@example.com,18/03/2023,Nantes,plus,37,0,FR
C100310,Inès Robert,user310@example.com,2024/02/04,Marseille,basic,51,1,FR
C100880,Jules Richard,user880@example.com,2023-02-21,Bordeaux,basic,28,1,FR
C100685,Nina Thomas,user685@example.com,25/04/2024,Lyon,basic,27,0,FR
C100599,Yanis Moreau,user599@example.com,2024-01-21,Toulouse,plus,71,1,FR
C100207,Léa Martin,user207@example.com,04/08/2024,Bordeaux,basic,69,0,FR
C100826,Inès Richard,user826@example.com,13/02/2024,Toulouse,plus,42,0,FR
C100325,Yanis Martin,user325@example.com,2023/05/19,Paris,basic,63,1,FR
C100892,Alex Richard,user892@example.com,10/11/2023,Bordeaux,plus,72,1,FR
C100443,Hugo Robert,user443@example.com,2023-10-21,Toulouse,basic,77,1,FR
C100938,Jules Dubois,user938@example.com,2023/10/04,Toulouse,plus,30,1,FR
C100403,Noah Robert,user403@example.com,06/08/2024,Marseille,plus,58,1,FR
C100349,Sarah Bernard,user349@example.com,2023-04-09,Paris,basic,50,1,FR
C100418,Nina Petit,user418@example.com,2023/06/27,Paris,premium,19,0,FR
C100175,Camille Martin,user175@example.com,2023-10-05,Strasbourg,basic,67,0,FR
C101199,Léa Petit,user1199@example.com,08/01/2024,Nantes,plus,22,0,FR
C100745,Léa Leroy,user745@example.com,07/08/2023,Paris,premium,72,1,FR
C101166,Jules Petit,user1166@example.com,14/01/2023,Marseille,basic,61,0,FR
C101100,Sarah Robert,user1100@example.com,2023/10/15,Marseille,premium,75,0,FR
C100957,Hugo Thomas,user957@example.com,2024-01-16,Nantes,basic,49,1,FR
C100323,Noah Martin,user323@example.com,2024-07-03,Lyon,plus,59,1,FR
C100345,Nina Thomas,user345@example.com,2023-06-03,Toulouse,basic,64,1,FR
C100989,Léa Petit,user989@example.com,2024-04-17,Toulouse,premium,79,1,FR
C100844,Camille Durand,user844@example.com,2023-01-04,Marseille,premium,55,1,FR
C101162,Yanis Dubois,user1162@example.com,2024-05-23,Strasbourg,basic,69,1,FR
C100493,Hugo Martin,user493@example.com,2023/12/28,Lille,plus,62,1,FR
C101170,Léa Durand,user1170@example.com,2024-01-13,Paris,basic,63,1,FR
C100059,Inès Dubois,user59@example.com,2024/02/14,Bordeaux,premium,64,0,FR
C100013,Yanis Moreau,user13@example.com,2024/04/01,Bordeaux,basic,51,1,FR
C101022,Alex Dubois,user1022@example.com,2024-06-05,Paris,basic,71,0,FR
C100348,Sarah Petit,user348@example.com,2023-04-19,Lille,basic,39,1,FR
C100939,Alex Robert,user939@example.com,2023-11-02,Lille,plus,18,0,FR
C100538,Léa Robert,user538@example.com,2023/11/21,Paris,basic,40,0,FR
C100953,Yanis Bernard,user953@example.com,2023/09/14,Toulouse,plus,33,1,FR
C100672,Omar Robert,user672@example.com,2024/01/17,Toulouse,premium,67,0,FR
C100091,Camille Durand,user91@example.com,2024-04-27,Bordeaux,plus,52,1,FR
C100322,Omar Moreau,user322@example.com,2024/01/04,Lyon,premium,55,1,FR
C100382,Omar Richard,user382@example.com,2024/07/22,Toulouse,basic,56,1,FR
C100491,Léa Durand,user491@example.com,2024-06-04,Strasbourg,premium,72,0,FR
C100404,Léa Martin,user404@example.com,27/10/2023,Paris,basic,49,1,FR
C100003,Jules Bernard,user3@example.com,2023/09/21,Bordeaux,plus,66,1,FR
C100783,Sarah Durand,user783@example.com,15/03/2023,Bordeaux,basic,20,0,FR
C101167,Hugo Robert,user1167@example.com,28/08/2023,Lyon,basic,54,1,FR
C100987,Inès Martin,user987@example.com,2023-07-09,Marseille,plus,55,1,FR
C100993,Sarah Richard,user993@example.com,2023-09-16,Lyon,basic,78,0,FR
C101086,Camille Leroy,user1086@example.com,2024/04/25,Strasbourg,premium,79,1,FR
C100495,Hugo Robert,user495@example.com,05/09/2023,Nantes,basic,67,1,FR
C100215,Emma Bernard,user215@example.com,2023/06/13,Bordeaux,plus,75,1,FR
C100741,Omar Bernard,user741@example.com,2024-04-02,Marseille,basic,26,0,FR
C100072,Sarah Richard,user72@example.com,2023/10/05,Strasbourg,basic,19,1,FR
C100985,Alex Robert,user985@example.com,27/01/2024,Marseille,basic,55,0,FR
C100840,Emma Moreau,user840@example.com,2023/06/23,Marseille,basic,64,1,FR
C100002,Inès Thomas,user2@example.com,28/01/2024,Strasbourg,plus,30,0,FR
C101163,Hugo Leroy,user1163@example.com,15/11/2023,Paris,premium,33,1,FR
C100479,Omar Bernard,user479@example.com,2023-03-07,Toulouse,basic,28,1,FR
C100241,Camille Moreau,user241@example.com,2023/12/17,Toulouse,basic,26,1,FR
C100951,Inès Petit,user951@example.com,2023/07/02,Marseille,basic,29,1,FR
C100988,Nina Robert,user988@example.com,28/05/2023,Lille,basic,50,1,FR
C100660,Camille Dubois,user660@example.com,17/04/2023,Nantes,plus,73,0,FR
C100559,Hugo Petit,user559@example.com,2024/05/25,Toulouse,premium,37,1,FR
C100877,Emma Petit,user877@example.com,2024/03/23,Lille,basic,39,1,FR
C100619,Sarah Martin,user619@example.com,2023/03/25,Marseille,plus,57,1,FR
C100073,Camille Robert,user73@example.com,2023-03-19,Nantes,plus,53,1,FR
C100117,Jules Moreau,user117@example.com,2023/03/25,Toulouse,basic,33,1,FR
C101074,Alex Bernard,user1074@example.com,08/10/2023,Lyon,premium,61,0,FR
C100860,Nina Moreau,user860@example.com,2024-08-03,Strasbourg,premium,24,1,FR
C101098,Hugo Martin,user1098@example.com,25/01/2023,Lyon,basic,57,1,FR
C100005,Camille Moreau,user5@example.com,2024/05/30,Strasbourg,basic,64,1,FR
C101122,Inès Dubois,user1122@example.com,11/06/2023,Marseille,basic,57,1,FR
C100842,Nina Richard,user842@example.com,2024-06-29,Nantes,plus,59,1,FR
C100625,Hugo Robert,user625@example.com,2023-05-20,Strasbourg,basic,31,1,FR
C100486,Sarah Durand,user486@example.com,20/07/2023,Lille,basic,34,1,FR
C100330,Yanis Thomas,user330@example.com,2023-11-25,Paris,basic,36,1,FR
C100789,Nina Petit,user789@example.com,2023-01-08,Strasbourg,basic,70,1,FR
C100011,Inès Leroy,user11@example.com,2024/08/08,Bordeaux,plus,31,1,FR
C100474,Sarah Robert,user474@example.com,16/01/2024,Nantes,plus,55,1,FR
C100945,Inès Dubois,user945@example.com,2023/03/13,Lille,premium,17,1,FR
C101040,Sarah Durand,user1040@example.com,2024-02-28,Lyon,basic,65,1,FR
C100264,Hugo Moreau,user264@example.com,2024-08-16,Bordeaux,plus,48,0,FR
C101145,Nina Leroy,user1145@example.com,17/10/2023,Marseille,basic,24,0,FR
C100056,Noah Moreau,user56@example.com,2023/11/24,Lyon,plus,70,1,FR
C100936,Alex Richard,user936@example.com,2023-04-05,Toulouse,basic,35,0,FR
C101151,Camille Dubois,user1151@example.com,2023/10/30,Bordeaux,premium,68,1,FR
C100054,Noah Leroy,user54@example.com,2023-10-26,Nantes,basic,19,1,FR
C100478,Emma Thomas,user478@example.com,2024/02/03,Strasbourg,premium,40,1,FR
C100457,Hugo Moreau,user457@example.com,16/01/2024,Bordeaux,plus,34,1,FR
C100084,Léa Martin,user84@example.com,2024/01/13,Lille,premium,16,1,FR
C101191,Omar Thomas,user1191@example.com,16/06/2023,Lyon,plus,46,1,FR
C100432,Sarah Bernard,user432@example.com,2024/05/10,Paris,plus,35,1,FR
C100125,Noah Martin,user125@example.com,2023/12/06,Lyon,premium,21,0,FR
C100700,Alex Dubois,user700@example.com,2023-11-09,Toulouse,plus,76,1,FR
C100492,Yanis Bernard,user492@example.com,28/03/2024,Nantes,basic,37,1,FR
C100825,Sarah Richard,user825@example.com,2023-02-24,Lille,basic,60,1,FR
C100516,Nina Bernard,user516@example.com,2024/06/12,Nantes,basic,50,1,FR
C100151,Alex Moreau,user151@example.com,18/06/2023,Lille,plus,19,1,FR
C100846,Sarah Moreau,user846@example.com,2023/04/04,Lille,basic,72,1,FR
C101104,Camille Martin,user1104@example.com,03/07/2023,Strasbourg,basic,28,1,FR
C100137,Alex Leroy,user137@example.com,2023/01/19,Marseille,plus,53,0,FR
C100726,Hugo Petit,user726@example.com,2024/03/08,Marseille,basic,53,1,FR
C100172,Omar Dubois,user172@example.com,2024/04/07,Lille,basic,69,1,FR
C100482,Sarah Dubois,user482@example.com,2023/05/31,Paris,plus,68,1,FR
C100422,Sarah Robert,user422@example.com,04/04/2024,Strasbourg,plus,74,1,FR
C100931,Omar Martin,user931@example.com,2024-02-24,Strasbourg,plus,23,1,FR
C100223,Omar Thomas,user223@example.com,2023-05-02,Nantes,basic,42,1,FR
C100866,Alex Thomas,user866@example.com,2024/05/06,Nantes,basic,28,1,FR
C100177,Hugo Bernard,user177@example.com,2023/04/07,Bordeaux,premium,23,1,FR
C100629,Sarah Durand,user629@example.com,2023/08/08,Strasbourg,basic,71,0,FR
C100713,Alex Durand,user713@example.com,03/04/2024,Bordeaux,basic,71,1,FR
C100578,Omar Richard,user578@example.com,20/06/2024,Marseille,basic,47,1,FR
C100463,Hugo Martin,user463@example.com,09/09/2023,Toulouse,basic,47,0,FR
C100428,Inès Thomas,user428@example.com,2023-01-16,Lille,basic,21,1,FR
C100797,Inès Robert,user797@example.com,2023-10-03,Strasbourg,basic,59,1,FR
C100735,Nina Petit,user735@example.com,07/02/2024,Lyon,basic,59,1,FR
C100299,Nina Durand,user299@example.com,2023/01/13,Bordeaux,plus,34,0,FR
C100885,Jules Moreau,user885@example.com,16/03/2024,Nantes,basic,44,0,FR
C100833,Jules Robert,user833@example.com,2023/03/27,Nantes,basic,34,1,FR
C100050,Inès Durand,user50@example.com,2024/03/31,Lyon,basic,75,1,FR
C100841,Emma Moreau,user841@example.com,2024/01/29,Strasbourg,plus,34,1,FR
C100720,Jules Robert,user720@example.com,2023-03-25,Lille,basic,43,1,FR
C100752,Camille Moreau,user752@example.com,2023/02/21,Paris,plus,57,1,FR
C100032,Inès Bernard,user32@example.com,2023/02/25,Strasbourg,basic,40,0,FR
C100257,Emma Petit,user257@example.com,04/03/2023,Lille,basic,69,0,FR
C100238,Camille Robert,user238@example.com,2023/07/05,Marseille,premium,79,1,FR
C100419,Noah Leroy,user419@example.com,2023/10/31,Strasbourg,basic,38,1,FR
C100530,Inès Dubois,user530@example.com,2023/12/26,Bordeaux,premium,52,0,FR
C100862,Jules Martin,user862@example.com,14/03/2023,Lyon,basic,71,1,FR
C100646,Alex Robert,user646@example.com,2023-10-04,Lille,basic,58,1,FR
C100855,Léa Petit,user855@example.com,2024/05/24,Marseille,basic,30,0,FR
C100546,Omar Richard,user546@example.com,2023-09-15,Strasbourg,plus,47,1,FR
C100354,Emma Martin,user354@example.com,2024/08/04,Lille,basic,67,1,FR
C100904,Jules Dubois,user904@example.com,03/10/2023,Bordeaux,plus,35,1,FR
C100661,Alex Martin,user661@example.com,2024-03-16,Marseille,premium,16,1,FR
C100368,Hugo Petit,user368@example.com,14/01/2023,Strasbourg,basic,38,0,FR
C100686,Jules Moreau,user686@example.com,2023/09/02,Nantes,basic,29,0,FR
C100464,Hugo Bernard,user464@example.com,2023/01/04,Toulouse,premium,69,1,FR
C100531,Sarah Leroy,user531@example.com,2023-04-10,Strasbourg,basic,67,0,FR
C100649,Emma Robert,user649@example.com,24/05/2024,Lyon,plus,26,1,FR
C100809,Noah Martin,user809@example.com,21/08/2024,Nantes,plus,23,1,FR
C100759,Inès Petit,user759@example.com,2024-03-13,Lyon,plus,24,0,FR
C100303,Noah Durand,user303@example.com,2024/06/21,Marseille,basic,47,1,FR
C100736,Nina Robert,user736@example.com,14/03/2024,Marseille,basic,19,0,FR
C101081,Sarah Thomas,user1081@example.com,2024/08/16,Marseille,basic,79,0,FR
C100983,Jules Bernard,user983@example.com,2024/01/24,Nantes,basic,78,0,FR
C100612,Inès Petit,user612@example.com,2024/04/15,Nantes,plus,48,1,FR
C100946,Léa Moreau,user946@example.com,2024-08-07,Lyon,basic,43,0,FR
C100965,Camille Leroy,user965@example.com,19/12/2023,Strasbourg,basic,51,0,FR
C100541,Yanis Leroy,user541@example.com,2023/02/03,Nantes,basic,55,1,FR
C100923,Camille Leroy,user923@example.com,29/03/2023,Toulouse,basic,49,1,FR
C100536,Emma Dubois,user536@example.com,01/10/2023,Toulouse,premium,63,0,FR
C100525,Sarah Leroy,user525@example.com,06/07/2023,Bordeaux,basic,41,1,FR
C100160,Hugo Bernard,user160@example.com,2024-08-20,Paris,plus,40,1,FR
C100602,Yanis Robert,user602@example.com,19/03/2024,Lille,basic,59,1,FR
C100433,Inès Robert,user433@example.com,2023/03/20,Strasbourg,plus,28,0,FR
C100906,Jules Durand,user906@example.com,2023-09-04,Bordeaux,plus,42,1,FR
C101171,Noah Moreau,user1171@example.com,2024/01/14,Bordeaux,basic,31,1,FR
C100723,Omar Moreau,user723@example.com,13/03/2023,Lille,basic,74,1,FR
C100991,Sarah Martin,user991@example.com,26/11/2023,Lille,plus,21,1,FR
C100705,Yanis Durand,user705@example.com,05/12/2023,Lyon,basic,69,0,FR
C100785,Yanis Moreau,user785@example.com,2023/12/19,Bordeaux,premium,63,1,FR
C101055,Inès Dubois,user1055@example.com,2024/08/20,Nantes,basic,53,1,FR
C100107,Léa Thomas,user107@example.com,2024-02-03,Lyon,plus,66,1,FR
C100169,Nina Robert,user169@example.com,14/01/2023,Nantes,basic,68,1,FR
C100385,Omar Dubois,user385@example.com,15/03/2023,Marseille,premium,57,1,FR
C101025,Nina Petit,user1025@example.com,2023/02/03,Toulouse,basic,50,1,FR
C100281,Jules Martin,user281@example.com,2023/10/19,Paris,basic,48,0,FR
C100355,Alex Thomas,user355@example.com,18/08/2024,Lyon,plus,70,1,FR
C100233,Sarah Bernard,user233@example.com,2024-03-31,Toulouse,basic,25,0,FR
C100012,Omar Thomas,user12@example.com,17/03/2024,Lille,plus,49,1,FR
C100383,Emma Durand,user383@example.com,25/05/2023,Lille,basic,73,1,FR
C100250,Léa Thomas,user250@example.com,18/04/2023,Marseille,plus,43,1,FR
C100918,Omar Dubois,user918@example.com,2023-06-02,Toulouse,basic,16,1,FR
C100282,Alex Thomas,user282@example.com,2024/02/07,Marseille,plus,16,0,FR
C100487,Camille Durand,user487@example.com,15/11/2023,Lille,basic,71,1,FR
C100437,Jules Robert,user437@example.com,10/07/2024,Toulouse,premium,68,0,FR
C100268,Inès Petit,user268@example.com,03/01/2024,Bordeaux,plus,18,1,FR
C100875,Camille Richard,user875@example.com,30/10/2023,Lille,basic,33,1,FR
C100341,Camille Petit,user341@example.com,2023/06/24,Lyon,basic,17,1,FR
C100550,Hugo Moreau,user550@example.com,2024-04-26,Strasbourg,plus,30,1,FR
C100678,Léa Richard,user678@example.com,10/11/2023,Nantes,basic,21,0,FR
C101018,Nina Leroy,user1018@example.com,2023-01-25,Marseille,premium,41,0,FR
C101157,Omar Leroy,user1157@example.com,2024-05-25,Lyon,basic,61,0,FR
C100446,Jules Martin,user446@example.com,2023-07-08,Marseille,basic,53,1,FR
C100554,Nina Richard,user554@example.com,13/08/2024,Nantes,basic,66,0,FR
C100827,Jules Bernard,user827@example.com,2024/06/22,Strasbourg,basic,18,0,FR
C100870,Jules Richard,user870@example.com,2023/10/01,Lyon,premium,38,1,FR
C101020,Alex Dubois,user1020@example.com,2023-02-03,Strasbourg,basic,55,0,FR
C100509,Emma Bernard,user509@example.com,22/05/2023,Lyon,basic,44,0,FR
C100679,Alex Petit,user679@example.com,2024-07-15,Paris,plus,52,0,FR
C100857,Léa Martin,user857@example.com,04/02/2023,Nantes,basic,68,1,FR
C100924,Camille Robert,user924@example.com,2023/05/29,Nantes,basic,29,0,FR
C101148,Yanis Leroy,user1148@example.com,2024-02-18,Lyon,basic,75,1,FR
C100768,Jules Moreau,user768@example.com,25/03/2023,Bordeaux,basic,36,1,FR
C100363,Hugo Moreau,user363@example.com,2024/06/20,Strasbourg,premium,69,1,FR
C101149,Sarah Moreau,user1149@example.com,2024/05/26,Toulouse,basic,48,1,FR
C100780,Jules Dubois,user780@example.com,2024-06-10,Nantes,premium,50,0,FR
C100453,Hugo Robert,user453@example.com,2023/01/15,Toulouse,basic,51,0,FR
C100374,Camille Moreau,user374@example.com,2024/06/15,Lyon,basic,29,1,FR
C101141,Omar Richard,user1141@example.com,23/07/2023,Lille,basic,46,1,FR
C100631,Nina Dubois,user631@example.com,2023-07-16,Strasbourg,premium,30,1,FR
C100121,Camille Bernard,user121@example.com,06/02/2024,Marseille,basic,71,0,FR
C100053,Jules Thomas,user53@example.com,08/10/2023,Bordeaux,plus,20,1,FR
C100187,Alex Leroy,user187@example.com,17/08/2023,Marseille,basic,75,1,FR
C100573,Camille Durand,user573@example.com,30/01/2023,Lille,premium,31,1,FR
C100719,Jules Bernard,user719@example.com,26/12/2023,Toulouse,premium,49,1,FR
C100959,Sarah Petit,user959@example.com,2023-09-05,Marseille,basic,16,1,FR
C100286,Inès Petit,user286@example.com,07/04/2023,Lyon,premium,69,1,FR
C100016,Nina Robert,user16@example.com,2023-11-04,Toulouse,basic,71,1,FR
C101193,Hugo Durand,user1193@example.com,26/02/2024,Lyon,basic,57,1,FR
C101186,Alex Moreau,user1186@example.com,27/03/2023,Strasbourg,premium,74,0,FR
C101106,Omar Durand,user1106@example.com,2023/05/27,Marseille,basic,45,1,FR
C100577,Nina Leroy,user577@example.com,11/11/2023,Lyon,basic,32,0,FR
C101077,Jules Richard,user1077@example.com,10/04/2023,Paris,basic,31,1,FR
C100561,Alex Richard,user561@example.com,27/01/2023,Lille,basic,67,1,FR
C100818,Hugo Durand,user818@example.com,2024-02-04,Nantes,plus,73,1,FR
C100680,Sarah Thomas,user680@example.com,2024/03/10,Lille,basic,79,1,FR
C100941,Noah Durand,user941@example.com,2023/08/31,Strasbourg,basic,55,0,FR
C100293,Yanis Martin,user293@example.com,2023/07/18,Marseille,plus,78,1,FR
C100579,Emma Durand,user579@example.com,2023/03/03,Nantes,basic,48,0,FR
C100692,Alex Robert,user692@example.com,12/07/2024,Strasbourg,plus,27,0,FR
C100106,Alex Moreau,user106@example.com,13/04/2024,Marseille,plus,34,0,FR
C100647,Léa Bernard,user647@example.com,2023/11/18,Toulouse,plus,42,1,FR
C100023,Noah Durand,user23@example.com,2024/07/10,Nantes,plus,78,1,FR
C100069,Léa Martin,user69@example.com,2023/10/09,Paris,basic,60,1,FR
C101196,Léa Thomas,user1196@example.com,04/03/2024,Strasbourg,basic,70,0,FR
C101187,Noah Bernard,user1187@example.com,2023-12-26,Strasbourg,basic,51,0,FR
C101014,Alex Richard,user1014@example.com,2023-11-08,Paris,premium,53,1,FR
C100103,Yanis Bernard,user103@example.com,2023/01/05,Strasbourg,basic,62,1,FR
C101027,Hugo Dubois,user1027@example.com,2023/06/18,Strasbourg,basic,59,1,FR
C100778,Hugo Moreau,user778@example.com,12/06/2023,Paris,plus,45,1,FR
C100909,Yanis Moreau,user909@example.com,2023/02/25,Marseille,basic,64,1,FR
C101133,Nina Martin,user1133@example.com,02/04/2024,Bordeaux,basic,36,1,FR
C100074,Omar Dubois,user74@example.com,2024-02-16,Bordeaux,basic,28,1,FR
C100507,Nina Petit,user507@example.com,2023-05-29,Strasbourg,basic,63,1,FR
C101153,Nina Richard,user1153@example.com,2024/06/29,Lille,basic,57,1,FR
C100218,Noah Dubois,user218@example.com,2023/09/26,Bordeaux,premium,65,0,FR
C101065,Omar Moreau,user1065@example.com,2023-08-21,Paris,basic,52,1,FR
C101035,Inès Bernard,user1035@example.com,21/03/2024,Bordeaux,premium,70,1,FR
C100265,Sarah Petit,user265@example.com,2023/12/15,Paris,plus,60,0,FR
C100761,Hugo Leroy,user761@example.com,2023-11-28,Strasbourg,basic,23,0,FR
C100553,Léa Durand,user553@example.com,2023/07/10,Lille,plus,46,1,FR
C100434,Inès Richard,user434@example.com,2023-09-18,Lille,premium,40,0,FR
C100110,Noah Martin,user110@example.com,16/06/2023,Toulouse,basic,76,0,FR
C100729,Noah Thomas,user729@example.com,2024/01/30,Strasbourg,basic,20,1,FR
C100040,Léa Thomas,user40@example.com,10/04/2023,Toulouse,premium,64,1,FR
C100693,Jules Dubois,user693@example.com,2024-07-21,Nantes,basic,29,1,FR
C100276,Sarah Leroy,user276@example.com,2023-10-08,Lille,basic,37,1,FR
C100339,Hugo Moreau,user339@example.com,2024-07-25,Toulouse,basic,79,1,FR
C100961,Nina Thomas,user961@example.com,2023/09/03,Lyon,basic,26,0,FR
C100674,Inès Durand,user674@example.com,2024/01/09,Lille,premium,19,1,FR
