cust_id;fullName;email;signup_date;city;segment;age;mkt_opt_in
C101049;Noah Bernard;user1049@example.com;2023/03/13;Lille;basic;19;1
C100476;Camille Thomas;user476@example.com;2024/05/23;Lyon;plus;31;1
C100061;Camille Martin;user61@example.com;2024-03-22;Strasbourg;basic;69;1
C100910;Sarah Durand;user910@example.com;2024-04-07;Marseille;basic;33;1
C100068;Léa Robert;user68@example.com;2023-02-15;Strasbourg;basic;74;1
C101197;Léa Richard;user1197@example.com;12/08/2024;Marseille;basic;78;1
C100683;Emma Moreau;user683@example.com;29/07/2024;Bordeaux;plus;70;1
C101026;Hugo Martin;user1026@example.com;2023/02/16;Strasbourg;plus;25;1
C100741;Omar Bernard;user741@example.com;2024-04-02;Marseille;basic;26;0
C100907;Alex Petit;user907@example.com;14/04/2023;Lyon;premium;36;1
C100102;Yanis Leroy;user102@example.com;2024/04/27;Nantes;plus;55;1
C100273;Léa Durand;user273@example.com;2024-07-29;Lyon;basic;66;1
C100883;Nina Robert;user883@example.com;04/04/2023;Nantes;basic;43;1
C100933;Nina Thomas;user933@example.com;2024/01/25;Lille;premium;42;0
C100770;Camille Dubois;user770@example.com;2024/01/27;Bordeaux;basic;64;1
C100268;Inès Petit;user268@example.com;03/01/2024;Bordeaux;plus;18;1
C100263;Emma Dubois;user263@example.com;2024/07/09;Paris;basic;56;1
C100909;Yanis Moreau;user909@example.com;2023/02/25;Marseille;basic;64;1
C100739;Camille Bernard;user739@example.com;2024-06-23;Lyon;basic;79;1
C100343;Jules Martin;user343@example.com;06/11/2023;Toulouse;basic;51;0
C101179;Hugo Thomas;user1179@example.com;15/01/2023;Nantes;plus;55;1
C100457;Hugo Moreau;user457@example.com;16/01/2024;Bordeaux;plus;34;1
C100618;Alex Petit;user618@example.com;06/02/2023;Lyon;basic;51;0
C100995;Sarah Bernard;user995@example.com;11/01/2024;Bordeaux;plus;29;0
C100182;Inès Richard;user182@example.com;2023/10/26;Marseille;basic;27;1
C100099;Noah Thomas;user99@example.com;2023/03/25;Paris;basic;53;0
C100437;Jules Robert;user437@example.com;10/07/2024;Toulouse;premium;68;0
C100379;Emma Richard;user379@example.com;2023-06-07;Toulouse;premium;41;1
C100226;Omar Martin;user226@example.com;2024-04-30;Nantes;basic;32;1
C100047;Omar Robert;user47@example.com;2024-06-19;Lille;basic;22;1
C100857;Léa Martin;user857@example.com;04/02/2023;Nantes;basic;unknown;1
C100747;Omar Richard;user747@example.com;2023-07-08;Strasbourg;premium;19;1
C101136;Emma Durand;user1136@example.com;2024/03/10;Lille;premium;26;1
C100546;Omar Richard;user546@example.com;2023-09-15;Strasbourg;plus;47;1
C100662;Sarah Durand;user662@example.com;2023/01/22;Bordeaux;premium;61;1
C101053;Nina Leroy;user1053@example.com;2024/07/29;Toulouse;plus;59;1
C100498;Hugo Martin;user498@example.com;2024/07/09;Marseille;premium;26;1
C101145;Nina Leroy;user1145@example.com;17/10/2023;Marseille;basic;24;0
C100954;Camille Durand;user954@example.com;2024-04-16;Nantes;plus;25;0
C100571;Noah Dubois;user571@example.com;07/09/2023;Lille;plus;63;0
C100974;Nina Thomas;user974@example.com;30/03/2023;Lyon;basic;47;0
C100355;Alex Thomas;user355@example.com;18/08/2024;Lyon;plus;70;1
C100639;Yanis Robert;user639@example.com;2024/07/23;Toulouse;plus;51;1
C100375;Alex Richard;user375@example.com;2023/02/26;Marseille;basic;26;1
C101061;Hugo Bernard;user1061@example.com;2024-02-17;Strasbourg;premium;54;1
C100680;Sarah Thomas;user680@example.com;2024/03/10;Lille;basic;79;1
C100992;Emma Thomas;user992@example.com;2023/04/29;Marseille;plus;41;0
C100496;Alex Bernard;user496@example.com;2023/03/13;Lille;basic;16;1
C100323;Noah Martin;user323@example.com;2024-07-03;Lyon;plus;59;1
C100432;Sarah Bernard;user432@example.com;2024/05/10;Paris;plus;35;1
C100363;Hugo Moreau;user363@example.com;2024/06/20;Strasbourg;premium;69;1
C100874;Alex Richard;user874@example.com;23/02/2024;Nantes;basic;47;1
C101075;Léa Dubois;user1075@example.com;09/04/2023;Lille;basic;21;1
C100640;Noah Richard;user640@example.com;07/02/2024;Lille;basic;49;0
C100284;Camille Durand;user284@example.com;22/09/2023;Lille;plus;49;0
C100305;Inès Robert;user305@example.com;2023-03-26;Lyon;basic;57;0
C100717;Camille Bernard;user717@example.com;2023/10/23;Lille;plus;unknown;1
C100199;Sarah Martin;user199@example.com;2024-07-31;Marseille;basic;47;1
C100465;Inès Thomas;user465@example.com;02/08/2024;Lille;premium;72;1
C101072;Jules Dubois;user1072@example.com;2024-03-29;Marseille;plus;63;1
C100861;Yanis Leroy;user861@example.com;2024-07-10;Toulouse;basic;30;0
C100460;Yanis Robert;user460@example.com;09/03/2024;Toulouse;basic;79;1
C101054;Inès Bernard;user1054@example.com;2023-02-15;Marseille;premium;42;1
C100223;Omar Thomas;user223@example.com;2023-05-02;Nantes;basic;42;1
C101186;Alex Moreau;user1186@example.com;27/03/2023;Strasbourg;premium;74;0
C101043;Inès Bernard;user1043@example.com;12/08/2023;Paris;basic;16;1
C100511;Omar Durand;user511@example.com;2024-03-23;Lille;basic;75;1
C100745;Léa Leroy;user745@example.com;07/08/2023;Paris;premium;72;1
C100400;Inès Richard;user400@example.com;21/08/2024;Marseille;premium;43;0
C100905;Jules Moreau;user905@example.com;01/03/2024;Marseille;plus;68;1
C100397;Nina Martin;user397@example.com;28/04/2023;Nantes;basic;76;0
C100505;Emma Durand;user505@example.com;30/09/2023;Bordeaux;premium;68;1
C100524;Alex Thomas;user524@example.com;2023-07-11;Toulouse;basic;74;1
C101082;Emma Leroy;user1082@example.com;2024/07/28;Marseille;basic;69;1
C100441;Emma Durand;user441@example.com;2023-06-30;Paris;basic;72;0
C100431;Léa Moreau;user431@example.com;2024/03/19;Strasbourg;premium;47;1
C100015;Jules Petit;user15@example.com;2024-04-16;Paris;basic;35;1
C100508;Nina Richard;user508@example.com;2023/06/11;Lyon;premium;20;1
C100949;Inès Robert;user949@example.com;2023/06/16;Bordeaux;basic;23;0
C100385;Omar Dubois;user385@example.com;15/03/2023;Marseille;premium;57;1
C100818;Hugo Durand;user818@example.com;2024-02-04;Nantes;plus;73;1
C100931;Omar Martin;user931@example.com;2024-02-24;Strasbourg;plus;23;1
C101135;Yanis Moreau;user1135@example.com;2023-02-04;Toulouse;plus;34;0
C100067;Hugo Durand;user67@example.com;2023-08-11;Marseille;premium;36;0
C100071;Emma Leroy;user71@example.com;2023-04-24;Paris;basic;77;1
C100576;Emma Bernard;user576@example.com;09/07/2024;Marseille;plus;26;1
C100842;Nina Richard;user842@example.com;2024-06-29;Nantes;plus;59;1
C100922;Nina Leroy;user922@example.com;2023-09-25;Toulouse;basic;59;0
C100656;Inès Bernard;user656@example.com;2024/04/04;Marseille;basic;26;0
C100083;Jules Leroy;user83@example.com;2024-05-14;Bordeaux;plus;26;1
C100575;Hugo Petit;user575@example.com;2023-08-13;Lyon;basic;58;1
C100349;Sarah Bernard;user349@example.com;2023-04-09;Paris;basic;50;1
C100958;Noah Dubois;user958@example.com;05/08/2024;Bordeaux;basic;50;0
C100555;Léa Leroy;user555@example.com;2023/10/30;Marseille;plus;68;1
C100058;Omar Richard;user58@example.com;2024/03/22;Toulouse;basic;32;0
C101184;Omar Dubois;user1184@example.com;10/09/2023;Lyon;basic;24;1
C100248;Alex Petit;user248@example.com;2024-04-17;Nantes;plus;34;1
C100816;Omar Martin;user816@example.com;2023/01/26;Lille;basic;67;1
C101007;Nina Bernard;user1007@example.com;2023/10/30;Bordeaux;basic;79;0
C100579;Emma Durand;user579@example.com;2023/03/03;Nantes;basic;48;0
C100565;Yanis Martin;user565@example.com;2023/05/23;Strasbourg;basic;25;1
C100743;Jules Leroy;user743@example.com;12/06/2023;Paris;basic;67;1
C100956;Alex Leroy;user956@example.com;29/08/2023;Lille;basic;37;1
C100281;Jules Martin;user281@example.com;2023/10/19;Paris;basic;48;0
C100624;Inès Thomas;user624@example.com;29/12/2023;Bordeaux;plus;35;1
C100370;Camille Moreau;user370@example.com;2023/07/21;Paris;basic;54;1
C100070;Emma Bernard;user70@example.com;2024/04/22;Marseille;premium;28;0
C100007;Alex Bernard;user7@example.com;2024/02/23;Nantes;basic;73;0
C100181;Nina Bernard;user181@example.com;2023-04-02;Marseille;basic;77;0
C100158;Léa Bernard;user158@example.com;2023-10-31;Paris;plus;74;1
C100387;Emma Robert;user387@example.com;13/05/2024;Paris;plus;23;1
C100213;Nina Thomas;user213@example.com;2023-09-27;Bordeaux;premium;76;1
C100230;Inès Thomas;user230@example.com;2023/10/05;Lille;premium;36;1
C100971;Nina Robert;user971@example.com;2023-09-09;Nantes;basic;30;0
C100287;Yanis Petit;user287@example.com;10/12/2023;Paris;basic;31;1
C100869;Léa Moreau;user869@example.com;2023/01/25;Lille;basic;59;1
C100835;Hugo Dubois;user835@example.com;2024/04/11;Bordeaux;plus;54;1
C100137;Alex Leroy;user137@example.com;2023/01/19;Marseille;plus;53;0
C100101;Omar Richard;user101@example.com;2023/04/30;Lille;plus;58;0
C100272;Yanis Thomas;user272@example.com;2023/04/01;Lille;basic;27;1
C100235;Emma Leroy;user235@example.com;2024/03/07;Paris;premium;30;0
C101144;Léa Thomas;user1144@example.com;18/07/2023;Toulouse;plus;32;1
C100748;Emma Petit;user748@example.com;07/07/2023;Paris;basic;30;0
C100612;Inès Petit;user612@example.com;2024/04/15;Nantes;plus;48;1
C100321;Inès Petit;user321@example.com;2023-03-06;Nantes;basic;55;1
C101055;Inès Dubois;user1055@example.com;2024/08/20;Nantes;basic;53;1
C100146;Sarah Petit;user146@example.com;2023/01/21;Bordeaux;basic;39;1
C101059;Nina Durand;user1059@example.com;06/07/2023;Strasbourg;basic;60;1
C100327;Omar Petit;user327@example.com;2023/01/23;Lyon;basic;49;1
C100945;Inès Dubois;user945@example.com;2023/03/13;Lille;premium;17;1
C100279;Inès Robert;user279@example.com;2023-02-19;Lille;basic;48;0
C100654;Hugo Leroy;user654@example.com;2023-11-28;Paris;plus;35;0
C100119;Inès Durand;user119@example.com;2023-03-10;Lille;premium;unknown;0
C100328;Léa Leroy;user328@example.com;2023-03-26;Paris;basic;59;1
C100852;Sarah Bernard;user852@example.com;2024/07/31;Marseille;basic;19;1
C100543;Inès Moreau;user543@example.com;2023/04/15;Paris;premium;44;0
C100783;Sarah Durand;user783@example.com;15/03/2023;Bordeaux;basic;20;0
C100239;Jules Moreau;user239@example.com;2024-01-12;Strasbourg;premium;29;0
C100776;Nina Robert;user776@example.com;2023/09/12;Strasbourg;basic;53;1
C100487;Camille Durand;user487@example.com;15/11/2023;Lille;basic;71;1
C100790;Camille Robert;user790@example.com;27/02/2023;Toulouse;basic;21;0
C100844;Camille Durand;user844@example.com;2023-01-04;Marseille;premium;55;1
C100401;Sarah Richard;user401@example.com;2024-04-11;Nantes;basic;42;1
C100671;Yanis Moreau;user671@example.com;2024-01-04;Lyon;basic;45;1
C100045;Alex Thomas;user45@example.com;05/08/2024;Strasbourg;basic;64;1
C100521;Léa Richard;user521@example.com;2023-03-29;Nantes;basic;69;1
C100695;Jules Bernard;user695@example.com;2023-06-02;Bordeaux;basic;27;1
C100129;Camille Thomas;user129@example.com;16/01/2024;Marseille;basic;30;1
C100744;Alex Moreau;user744@example.com;22/04/2024;Lille;plus;30;0
C100710;Alex Leroy;user710@example.com;2024-02-12;Paris;basic;41;1
C100848;Léa Bernard;user848@example.com;2024-05-06;Bordeaux;basic;78;0
C100659;Emma Petit;user659@example.com;22/06/2023;Nantes;basic;73;0
C101171;Noah Moreau;user1171@example.com;2024/01/14;Bordeaux;basic;31;1
C100984;Noah Durand;user984@example.com;2023-12-19;Nantes;basic;52;1
C100126;Emma Bernard;user126@example.com;17/02/2023;Nantes;basic;41;1
C100599;Yanis Moreau;user599@example.com;2024-01-21;Toulouse;plus;71;1
C100672;Omar Robert;user672@example.com;2024/01/17;Toulouse;premium;67;0
C101088;Hugo Moreau;user1088@example.com;26/01/2024;Strasbourg;basic;58;0
C100477;Sarah Moreau;user477@example.com;2023-01-11;Lille;basic;68;1
C100285;Omar Moreau;user285@example.com;16/07/2024;Bordeaux;basic;37;1
C100488;Noah Robert;user488@example.com;2024-04-04;Strasbourg;plus;32;0
C100620;Hugo Martin;user620@example.com;2023/09/18;Marseille;premium;67;1
C101013;Nina Durand;user1013@example.com;2023-07-08;Paris;basic;77;0
C100157;Jules Martin;user157@example.com;2023/12/01;Lyon;basic;39;0
C100391;Sarah Richard;user391@example.com;18/04/2023;Marseille;basic;74;1
C101163;Hugo Leroy;user1163@example.com;15/11/2023;Paris;premium;33;1
C100665;Jules Petit;user665@example.com;21/02/2024;Lille;premium;51;1
C100690;Inès Richard;user690@example.com;20/08/2024;Lyon;basic;46;0
C100643;Inès Petit;user643@example.com;2023-10-16;Bordeaux;premium;67;0
C101028;Emma Durand;user1028@example.com;06/12/2023;Marseille;basic;23;1
C100037;Emma Robert;user37@example.com;2024/05/11;Paris;basic;20;0
C100319;Léa Durand;user319@example.com;2024-04-06;Lille;basic;17;0
C101089;Jules Dubois;user1089@example.com;2023-03-26;Lille;basic;34;0
C100522;Hugo Durand;user522@example.com;2023/04/26;Nantes;plus;60;0
C100719;Jules Bernard;user719@example.com;26/12/2023;Toulouse;premium;49;1
C100116;Inès Leroy;user116@example.com;23/01/2023;Nantes;plus;22;0
C100091;Camille Durand;user91@example.com;2024-04-27;Bordeaux;plus;52;1
C100405;Léa Thomas;user405@example.com;2023/10/28;Strasbourg;basic;45;1
C100577;Nina Leroy;user577@example.com;11/11/2023;Lyon;basic;32;0
C100749;Noah Martin;user749@example.com;05/04/2023;Marseille;premium;64;0
C100462;Sarah Moreau;user462@example.com;25/03/2024;Lyon;plus;53;0
C100794;Alex Thomas;user794@example.com;16/09/2023;Bordeaux;basic;70;1
C100090;Hugo Bernard;user90@example.com;2023/09/19;Lyon;basic;69;1
C100309;Camille Robert;user309@example.com;2023/03/07;Nantes;plus;34;0
C100468;Jules Leroy;user468@example.com;2023/04/19;Toulouse;basic;60;0
C100212;Nina Martin;user212@example.com;2024/04/18;Marseille;plus;54;1
C100788;Léa Bernard;user788@example.com;2023/11/23;Lyon;premium;67;0
C100414;Noah Thomas;user414@example.com;2023-01-11;Paris;plus;67;0
C100169;Nina Robert;user169@example.com;14/01/2023;Nantes;basic;68;1
C100900;Noah Leroy;user900@example.com;2023-01-03;Strasbourg;plus;55;0
C100421;Noah Durand;user421@example.com;2024-02-21;Paris;basic;72;0
C100664;Inès Leroy;user664@example.com;25/12/2023;Bordeaux;plus;28;0
C100595;Jules Dubois;user595@example.com;2024-04-26;Lyon;basic;18;1
C100455;Camille Leroy;user455@example.com;30/11/2023;Lyon;basic;37;1
C100407;Noah Petit;user407@example.com;2023-03-28;Toulouse;basic;64;0
C100280;Inès Thomas;user280@example.com;2023-06-15;Lyon;basic;36;1
C101121;Hugo Petit;user1121@example.com;2023/02/20;Paris;basic;67;1
C101118;Inès Dubois;user1118@example.com;2024-03-09;Bordeaux;basic;59;0
C100464;Hugo Bernard;user464@example.com;2023/01/04;Toulouse;premium;69;1
C100270;Emma Richard;user270@example.com;2023/06/26;Strasbourg;premium;74;1
C100293;Yanis Martin;user293@example.com;2023/07/18;Marseille;plus;78;1
C100490;Sarah Leroy;user490@example.com;13/07/2024;Bordeaux;plus;69;1
C100141;Yanis Thomas;user141@example.com;2023-05-09;Lyon;plus;44;0
C101014;Alex Richard;user1014@example.com;2023-11-08;Paris;premium;53;1
C101023;Camille Thomas;user1023@example.com;2024-05-20;Lille;basic;25;1
C100870;Jules Richard;user870@example.com;2023/10/01;Lyon;premium;38;1
C100060;Léa Durand;user60@example.com;07/07/2024;Marseille;basic;19;1
C101178;Sarah Moreau;user1178@example.com;2023/06/05;Strasbourg;basic;29;1
C101091;Noah Moreau;user1091@example.com;2023-09-26;Marseille;plus;42;1
C100846;Sarah Moreau;user846@example.com;2023/04/04;Lille;basic;72;1
C100545;Camille Robert;user545@example.com;2023-02-02;Strasbourg;plus;41;1
C101094;Camille Martin;user1094@example.com;2023-07-17;Nantes;basic;50;0
C100000;Emma Bernard;user0@example.com;23/02/2023;Strasbourg;plus;55;1
C101166;Jules Petit;user1166@example.com;14/01/2023;Marseille;basic;61;0
C100552;Jules Durand;user552@example.com;2024/05/11;Nantes;premium;23;0
C100183;Sarah Dubois;user183@example.com;2024-02-22;Strasbourg;premium;41;0
C100486;Sarah Durand;user486@example.com;20/07/2023;Lille;basic;34;1
C100315;Noah Dubois;user315@example.com;2024-01-31;Strasbourg;basic;32;0
C100365;Jules Robert;user365@example.com;2023-11-08;Lille;basic;20;0
C100824;Camille Petit;user824@example.com;09/01/2024;Paris;basic;29;1
C100961;Nina Thomas;user961@example.com;2023/09/03;Lyon;basic;26;0
C100940;Yanis Dubois;user940@example.com;19/02/2024;Nantes;premium;64;0
C100853;Emma Bernard;user853@example.com;2023/05/24;Strasbourg;plus;45;1
C100549;Noah Robert;user549@example.com;13/02/2024;Nantes;basic;53;1
C100732;Nina Durand;user732@example.com;06/07/2024;Bordeaux;plus;48;1
C100980;Emma Durand;user980@example.com;2023/12/20;Nantes;plus;28;0
C101170;Léa Durand;user1170@example.com;2024-01-13;Paris;basic;63;1
C100021;Nina Moreau;user21@example.com;11/08/2023;Toulouse;basic;59;1
C100557;Nina Thomas;user557@example.com;2024-06-09;Toulouse;premium;63;1
C100704;Noah Bernard;user704@example.com;19/03/2023;Marseille;plus;50;0
C100232;Omar Richard;user232@example.com;2023-01-12;Lyon;basic;39;1
C100780;Jules Dubois;user780@example.com;2024-06-10;Nantes;premium;50;0
C100066;Omar Petit;user66@example.com;2024-06-27;Paris;basic;45;1
C100439;Léa Robert;user439@example.com;2023-08-27;Marseille;plus;73;1
C101084;Emma Robert;user1084@example.com;01/05/2023;Nantes;basic;24;1
C101180;Noah Martin;user1180@example.com;2023-12-31;Lyon;plus;54;1
C100402;Sarah Moreau;user402@example.com;2023/07/12;Bordeaux;plus;69;1
C100601;Yanis Robert;user601@example.com;12/04/2024;Lille;plus;60;0
C100286;Inès Petit;user286@example.com;07/04/2023;Lyon;premium;69;1
C100492;Yanis Bernard;user492@example.com;28/03/2024;Nantes;basic;37;1
C100649;Emma Robert;user649@example.com;24/05/2024;Lyon;plus;26;1
C100941;Noah Durand;user941@example.com;2023/08/31;Strasbourg;basic;55;0
C100502;Léa Durand;user502@example.com;2024/07/31;Nantes;basic;27;0
C101182;Jules Leroy;user1182@example.com;2024-02-19;Strasbourg;basic;75;1
C100542;Jules Petit;user542@example.com;27/04/2023;Lille;basic;52;1
C100265;Sarah Petit;user265@example.com;2023/12/15;Paris;plus;60;0
C100752;Camille Moreau;user752@example.com;2023/02/21;Paris;plus;57;1
C100398;Yanis Richard;user398@example.com;2023/06/18;Bordeaux;plus;52;1
C100333;Omar Richard;user333@example.com;2024/05/12;Lyon;plus;18;0
C100020;Camille Richard;user20@example.com;2023-10-28;Nantes;basic;50;1
C100484;Jules Robert;user484@example.com;2023/10/05;Marseille;basic;79;1
C101134;Alex Robert;user1134@example.com;04/01/2024;Toulouse;basic;69;1
C100927;Léa Dubois;user927@example.com;2023-06-30;Nantes;basic;22;1
C100596;Camille Moreau;user596@example.com;2023/12/14;Strasbourg;plus;76;1
C100558;Noah Thomas;user558@example.com;2024/04/20;Toulouse;premium;20;1
C100318;Omar Richard;user318@example.com;17/07/2024;Lille;basic;71;0
C101120;Sarah Petit;user1120@example.com;2023-01-09;Paris;basic;25;1
C100963;Jules Bernard;user963@example.com;2023/05/11;Strasbourg;basic;21;0
C100525;Sarah Leroy;user525@example.com;06/07/2023;Bordeaux;basic;41;1
C100540;Yanis Thomas;user540@example.com;2024/03/01;Lille;basic;35;1
C100361;Yanis Robert;user361@example.com;18/06/2024;Marseille;plus;17;0
C100879;Noah Moreau;user879@example.com;2024/01/14;Lyon;basic;18;1
C100197;Sarah Martin;user197@example.com;2023/03/12;Nantes;premium;68;0
C100951;Inès Petit;user951@example.com;2023/07/02;Marseille;basic;29;1
C100593;Léa Petit;user593@example.com;2024/08/10;Marseille;plus;68;0
C100128;Noah Richard;user128@example.com;2023/12/11;Nantes;basic;27;1
C100849;Sarah Durand;user849@example.com;2023/12/30;Nantes;basic;78;0
C100200;Alex Richard;user200@example.com;2023-08-08;Bordeaux;basic;28;1
C100701;Sarah Martin;user701@example.com;2024-01-05;Toulouse;basic;30;0
C100891;Léa Richard;user891@example.com;01/03/2024;Marseille;premium;unknown;1
C100878;Sarah Robert;user878@example.com;2023/11/25;Marseille;basic;55;0
C100148;Emma Durand;user148@example.com;2024-05-08;Nantes;basic;unknown;1
C100568;Camille Durand;user568@example.com;2024-01-21;Paris;basic;58;1
C101008;Camille Richard;user1008@example.com;2024-03-16;Lyon;basic;46;0
C100065;Hugo Bernard;user65@example.com;2023/07/15;Paris;plus;53;1
C100884;Emma Petit;user884@example.com;2024-05-02;Lyon;plus;50;1
C100688;Léa Thomas;user688@example.com;2023-09-25;Paris;premium;71;1
C100982;Emma Dubois;user982@example.com;2023-11-25;Toulouse;plus;72;1
C100271;Yanis Durand;user271@example.com;2023-01-14;Nantes;basic;unknown;1
C100143;Jules Petit;user143@example.com;03/09/2023;Toulouse;plus;71;0
C100669;Noah Dubois;user669@example.com;21/03/2023;Bordeaux;plus;33;1
C100644;Léa Richard;user644@example.com;2024/04/07;Nantes;basic;32;0
C100330;Yanis Thomas;user330@example.com;2023-11-25;Paris;basic;36;1
C100086;Yanis Martin;user86@example.com;28/02/2023;Strasbourg;basic;60;0
C100164;Hugo Moreau;user164@example.com;2023-09-08;Toulouse;basic;76;1
C100335;Noah Dubois;user335@example.com;29/04/2024;Paris;basic;22;1
C101076;Sarah Dubois;user1076@example.com;2024-03-02;Lyon;plus;74;1
C100929;Inès Durand;user929@example.com;2023/12/13;Marseille;basic;42;1
C100950;Camille Martin;user950@example.com;2023-02-26;Marseille;plus;72;1
C101125;Inès Dubois;user1125@example.com;21/05/2024;Bordeaux;premium;22;0
C100625;Hugo Robert;user625@example.com;2023-05-20;Strasbourg;basic;31;1
C100193;Sarah Moreau;user193@example.com;2023-08-06;Nantes;basic;51;1
C101129;Alex Bernard;user1129@example.com;2024/01/25;Lyon;basic;32;1
C100108;Hugo Thomas;user108@example.com;2023-10-10;Lille;basic;67;0
C100470;Alex Petit;user470@example.com;18/03/2024;Bordeaux;basic;27;1
C100171;Inès Robert;user171@example.com;24/02/2023;Marseille;premium;40;1
C100018;Nina Bernard;user18@example.com;2024/05/18;Bordeaux;plus;50;0
C100889;Jules Leroy;user889@example.com;2023/06/12;Paris;basic;29;0
C100155;Hugo Durand;user155@example.com;2024-02-02;Lille;basic;28;0
C100356;Inès Martin;user356@example.com;2023/04/01;Strasbourg;premium;75;1
C101092;Nina Moreau;user1092@example.com;2024-05-20;Lyon;plus;24;1
C100721;Hugo Moreau;user721@example.com;12/07/2024;Toulouse;basic;57;1
C101143;Alex Moreau;user1143@example.com;21/05/2024;Nantes;basic;57;1
C100979;Nina Dubois;user979@example.com;06/12/2023;Lille;premium;24;1
C100928;Omar Bernard;user928@example.com;09/09/2023;Paris;basic;42;0
C100322;Omar Moreau;user322@example.com;2024/01/04;Lyon;premium;55;1
C100016;Nina Robert;user16@example.com;2023-11-04;Toulouse;basic;71;1
C100519;Yanis Petit;user519@example.com;2023/12/23;Toulouse;plus;unknown;1
C100075;Yanis Martin;user75@example.com;2023-10-13;Nantes;basic;58;1
C100411;Yanis Martin;user411@example.com;2023-05-18;Lyon;plus;25;0
C100451;Emma Martin;user451@example.com;08/07/2024;Paris;basic;43;1
C100986;Inès Martin;user986@example.com;2024-01-05;Marseille;plus;57;0
C101106;Omar Durand;user1106@example.com;2023/05/27;Marseille;basic;45;1
C101119;Camille Martin;user1119@example.com;2023-10-23;Bordeaux;premium;74;1
C100241;Camille Moreau;user241@example.com;2023/12/17;Toulouse;basic;26;1
C101198;Emma Durand;user1198@example.com;2024-04-26;Marseille;basic;64;0
C100567;Hugo Richard;user567@example.com;2023-05-30;Lille;basic;53;1
C100994;Alex Richard;user994@example.com;2023/11/14;Nantes;plus;41;0
C100970;Emma Petit;user970@example.com;2023/06/29;Paris;basic;37;1
C101140;Sarah Richard;user1140@example.com;2024/06/12;Lille;basic;32;1
C101164;Jules Richard;user1164@example.com;07/11/2023;Bordeaux;plus;63;1
C100702;Jules Petit;user702@example.com;2023-04-11;Nantes;plus;18;1
C100615;Hugo Richard;user615@example.com;2024-01-19;Paris;basic;30;1
C100946;Léa Moreau;user946@example.com;2024-08-07;Lyon;basic;43;0
C100735;Nina Petit;user735@example.com;07/02/2024;Lyon;basic;59;1
C100481;Emma Dubois;user481@example.com;12/05/2024;Paris;plus;61;1
C100856;Yanis Moreau;user856@example.com;27/05/2023;Nantes;premium;69;1
C100089;Alex Thomas;user89@example.com;14/05/2024;Toulouse;plus;46;1
C100814;Omar Petit;user814@example.com;11/04/2024;Nantes;basic;52;1
C100399;Jules Durand;user399@example.com;2023-07-06;Nantes;basic;76;1
C100948;Camille Robert;user948@example.com;22/07/2024;Bordeaux;plus;75;1
C100082;Jules Richard;user82@example.com;2023-04-07;Lille;basic;47;1
C101058;Léa Moreau;user1058@example.com;2023/09/12;Paris;basic;37;1
C100592;Jules Thomas;user592@example.com;24/05/2023;Marseille;basic;67;1
C100550;Hugo Moreau;user550@example.com;2024-04-26;Strasbourg;plus;30;1
C100633;Nina Petit;user633@example.com;2023-08-16;Paris;basic;48;1
C100194;Inès Richard;user194@example.com;2024/07/29;Lyon;plus;57;1
C100251;Nina Petit;user251@example.com;24/10/2023;Paris;plus;25;1
C100880;Jules Richard;user880@example.com;2023-02-21;Bordeaux;basic;28;1
C100419;Noah Leroy;user419@example.com;2023/10/31;Strasbourg;basic;38;1
C100885;Jules Moreau;user885@example.com;16/03/2024;Nantes;basic;44;0
C101038;Omar Leroy;user1038@example.com;2023/09/20;Lille;basic;33;1
C100374;Camille Moreau;user374@example.com;2024/06/15;Lyon;basic;29;1
C100311;Nina Richard;user311@example.com;2024/02/08;Lyon;basic;60;1
C100456;Omar Moreau;user456@example.com;30/03/2023;Bordeaux;basic;19;1
C100642;Camille Dubois;user642@example.com;2024/05/27;Bordeaux;basic;75;1
C100773;Inès Petit;user773@example.com;06/03/2024;Marseille;basic;59;1
C100823;Omar Leroy;user823@example.com;26/01/2024;Toulouse;basic;71;0
C101187;Noah Bernard;user1187@example.com;2023-12-26;Strasbourg;basic;51;0
C100418;Nina Petit;user418@example.com;2023/06/27;Paris;premium;19;0
C100526;Jules Robert;user526@example.com;2024-07-08;Strasbourg;basic;52;0
C100440;Noah Dubois;user440@example.com;2024-08-06;Nantes;plus;38;0
C101077;Jules Richard;user1077@example.com;10/04/2023;Paris;basic;31;1
C100768;Jules Moreau;user768@example.com;25/03/2023;Bordeaux;basic;36;1
C100512;Sarah Petit;user512@example.com;2024/05/19;Strasbourg;premium;29;1
C101044;Jules Bernard;user1044@example.com;2024-03-01;Nantes;basic;71;1
C100677;Emma Richard;user677@example.com;2023/02/20;Strasbourg;basic;61;1
C100351;Noah Leroy;user351@example.com;27/01/2023;Bordeaux;basic;55;0
C100882;Emma Dubois;user882@example.com;2023-09-27;Marseille;plus;40;1
C100504;Hugo Petit;user504@example.com;2023/06/14;Strasbourg;basic;30;1
C101103;Sarah Durand;user1103@example.com;2023/04/01;Strasbourg;basic;65;0
C100367;Alex Robert;user367@example.com;09/07/2023;Toulouse;basic;28;1
C100250;Léa Thomas;user250@example.com;18/04/2023;Marseille;plus;43;1
C100308;Sarah Durand;user308@example.com;09/07/2023;Bordeaux;basic;36;1
C100295;Camille Durand;user295@example.com;2023/11/09;Lille;plus;27;1
C101156;Hugo Leroy;user1156@example.com;14/03/2023;Lille;basic;29;1
C101040;Sarah Durand;user1040@example.com;2024-02-28;Lyon;basic;65;1
C100532;Alex Leroy;user532@example.com;2023-04-04;Nantes;plus;41;1
C101031;Hugo Dubois;user1031@example.com;14/04/2023;Paris;plus;25;1
C100326;Nina Robert;user326@example.com;22/05/2023;Marseille;basic;31;1
C101165;Hugo Richard;user1165@example.com;04/03/2023;Paris;plus;22;0
C100120;Omar Thomas;user120@example.com;21/09/2023;Paris;basic;78;0
C100765;Sarah Robert;user765@example.com;13/04/2024;Nantes;basic;56;1
C100388;Hugo Leroy;user388@example.com;19/06/2024;Bordeaux;basic;68;1
C100219;Inès Dubois;user219@example.com;25/06/2024;Lille;premium;57;0
C100825;Sarah Richard;user825@example.com;2023-02-24;Lille;basic;60;1
C100436;Alex Leroy;user436@example.com;2023-12-07;Lyon;basic;51;0
C100192;Jules Robert;user192@example.com;2023/12/31;Strasbourg;basic;79;1
C101148;Yanis Leroy;user1148@example.com;2024-02-18;Lyon;basic;75;1
C100290;Camille Petit;user290@example.com;2024-04-29;Marseille;basic;72;1
C100180;Sarah Dubois;user180@example.com;2024-07-16;Strasbourg;basic;73;1
C100417;Léa Leroy;user417@example.com;2023-03-15;Toulouse;plus;58;1
C100185;Noah Robert;user185@example.com;25/09/2023;Lyon;basic;19;0
C101146;Sarah Bernard;user1146@example.com;15/11/2023;Marseille;premium;32;0
C100452;Jules Dubois;user452@example.com;2023-10-27;Paris;basic;unknown;0
C100204;Léa Martin;user204@example.com;2023/10/02;Lyon;basic;65;1
C100977;Jules Martin;user977@example.com;2023/12/10;Lille;plus;22;0
C100801;Alex Durand;user801@example.com;2023/07/01;Paris;basic;79;0
C100074;Omar Dubois;user74@example.com;2024-02-16;Bordeaux;basic;28;1
C100911;Inès Leroy;user911@example.com;2023-04-21;Nantes;basic;76;1
C100471;Yanis Moreau;user471@example.com;2024-04-27;Toulouse;plus;43;1
C101149;Sarah Moreau;user1149@example.com;2024/05/26;Toulouse;basic;48;1
C100002;Inès Thomas;user2@example.com;28/01/2024;Strasbourg;plus;30;0
C100267;Sarah Robert;user267@example.com;2023-07-28;Lille;basic;17;1
C100084;Léa Martin;user84@example.com;2024/01/13;Lille;premium;16;1
C100663;Camille Bernard;user663@example.com;02/05/2023;Marseille;basic;35;1
C100965;Camille Leroy;user965@example.com;19/12/2023;Strasbourg;basic;51;0
C100573;Camille Durand;user573@example.com;30/01/2023;Lille;premium;31;1
C100757;Nina Bernard;user757@example.com;18/08/2023;Toulouse;basic;32;0
C100453;Hugo Robert;user453@example.com;2023/01/15;Toulouse;basic;51;0
C100142;Omar Martin;user142@example.com;2023/06/15;Paris;basic;69;1
C100658;Noah Robert;user658@example.com;2023/02/13;Toulouse;basic;49;1
C100920;Jules Robert;user920@example.com;2024-06-07;Bordeaux;basic;78;0
C100156;Léa Leroy;user156@example.com;17/03/2023;Marseille;basic;26;0
C100209;Léa Dubois;user209@example.com;2024/04/12;Marseille;plus;33;0
C100968;Alex Petit;user968@example.com;2024/07/06;Strasbourg;basic;46;1
C100944;Alex Robert;user944@example.com;2023-03-19;Marseille;basic;17;0
C101090;Emma Moreau;user1090@example.com;2023/10/29;Lille;premium;63;0
C100962;Hugo Petit;user962@example.com;19/05/2024;Lille;basic;28;1
C100179;Inès Leroy;user179@example.com;2023/10/28;Toulouse;basic;54;1
C100716;Yanis Durand;user716@example.com;2023/11/07;Marseille;plus;49;1
C100134;Yanis Thomas;user134@example.com;2024-04-21;Toulouse;premium;40;1
C100001;Alex Robert;user1@example.com;2024-04-09;Lille;plus;54;1
C100312;Léa Bernard;user312@example.com;13/03/2023;Nantes;plus;79;1
C100109;Alex Bernard;user109@example.com;28/02/2024;Bordeaux;premium;55;1
C100160;Hugo Bernard;user160@example.com;2024-08-20;Paris;plus;40;1
C100641;Camille Durand;user641@example.com;03/07/2024;Paris;plus;48;0
C100544;Léa Dubois;user544@example.com;13/05/2024;Lyon;plus;34;0
C100376;Léa Petit;user376@example.com;17/03/2024;Toulouse;plus;28;0
C100205;Camille Bernard;user205@example.com;2023/06/09;Lyon;basic;76;1
