client_id,name,email,signup_date,segment,country,age
C100984,Noah Durand,user984@example.com,2023-12-19,basic,FR,79.0
C100887,Sarah Leroy,user887@example.com,2023-04-26,basic,FR,27.0
C100011,Inès Leroy,user11@example.com,2024/08/08,plus,FR,18.0
C100235,Emma Leroy,,2024/03/07,premium,FR,28.0
C100596,Camille Moreau,user596@example.com,2023/12/14,plus,FR,66.0
C100106,Alex Moreau,user106@example.com,13/04/2024,plus,FR,69.0
C100820,Camille Petit,user820@example.com,2023/01/15,plus,FR,34.0
C100469,Camille Dubois,user469@example.com,13/07/2024,premium,FR,33.0
C100515,Nina Robert,user515@example.com,2023-03-05,plus,FR,39.0
C100312,Léa Bernard,user312@example.com,13/03/2023,plus,FR,58.0
C101066,Camille Dubois,user1066@example.com,09/07/2024,plus,FR,33.0
C100034,Yanis Richard,user34@example.com,16/06/2024,basic,FR,-5.0
C100346,Yanis Richard,user346@example.com,2024/08/17,basic,FR,37.0
C100782,Emma Bernard,,15/03/2023,premium,FR,49.0
C100567,Hugo Richard,user567@example.com,2023-05-30,basic,FR,23.0
C100915,Yanis Durand,user915@example.com,2023/10/03,premium,FR,57.0
C100688,Léa Thomas,user688@example.com,2023-09-25,premium,FR,83.0
C100583,Inès Bernard,user583@example.com,01/02/2023,basic,FR,
C100514,Yanis Bernard,user514@example.com,29/07/2024,basic,FR,59.0
C100166,Camille Petit,user166@example.com,12/07/2023,basic,FR,37.0
C100655,Nina Moreau,,16/11/2023,premium,FR,71.0
C101188,Inès Martin,user1188@example.com,2023/12/06,plus,FR,
C100517,Omar Leroy,user517@example.com,2023/02/09,plus,FR,21.0
C101022,Alex Dubois,user1022@example.com,2024-06-05,basic,FR,
C100149,Jules Thomas,user149@example.com,2023/02/04,basic,FR,54.0
C100552,Jules Durand,user552@example.com,2024/05/11,premium,FR,67.0
C100040,Léa Thomas,user40@example.com,10/04/2023,premium,FR,62.0
C100344,Sarah Petit,user344@example.com,27/06/2024,,FR,26.0
C100760,Léa Moreau,,16/04/2023,plus,FR,60.0
C100559,Hugo Petit,user559@example.com,2024/05/25,premium,FR,18.0
C100753,Léa Thomas,user753@example.com,15/07/2024,premium,FR,36.0
C100788,Léa Bernard,user788@example.com,2023/11/23,premium,FR,29.0
C101074,Alex Bernard,user1074@example.com,08/10/2023,,FR,64.0
C100003,Jules Bernard,user3@example.com,2023/09/21,,FR,84.0
C100554,Nina Richard,user554@example.com,13/08/2024,basic,FR,18.0
C100794,Alex Thomas,user794@example.com,16/09/2023,,FR,33.0
C100578,Omar Richard,user578@example.com,20/06/2024,basic,FR,64.0
C100498,Hugo Martin,user498@example.com,2024/07/09,premium,FR,65.0
C100201,Jules Robert,,29/06/2024,basic,FR,35.0
C100479,Omar Bernard,user479@example.com,2023-03-07,basic,FR,
C100032,Inès Bernard,user32@example.com,2023/02/25,,FR,21.0
C100667,Emma Leroy,user667@example.com,31/05/2024,basic,FR,
C100687,Inès Bernard,user687@example.com,2023/12/23,basic,FR,18.0
C100292,Noah Leroy,user292@example.com,2024/07/26,plus,FR,36.0
C100575,Hugo Petit,user575@example.com,2023-08-13,basic,FR,39.0
C100117,Jules Moreau,user117@example.com,2023/03/25,basic,FR,53.0
C100338,Alex Petit,user338@example.com,2023/05/02,plus,FR,59.0
C100331,Sarah Petit,user331@example.com,2023-08-11,basic,FR,78.0
C101177,Hugo Durand,user1177@example.com,2023-04-25,plus,FR,69.0
C100939,Alex Robert,user939@example.com,2023-11-02,plus,FR,
C100464,Hugo Bernard,user464@example.com,2023/01/04,,FR,60.0
C101186,Alex Moreau,user1186@example.com,27/03/2023,premium,FR,67.0
C100905,Jules Moreau,user905@example.com,01/03/2024,plus,FR,22.0
C100343,Jules Martin,user343@example.com,06/11/2023,basic,FR,43.0
C100279,Inès Robert,user279@example.com,2023-02-19,basic,FR,70.0
C100619,Sarah Martin,user619@example.com,2023/03/25,plus,FR,
C101167,Hugo Robert,user1167@example.com,28/08/2023,basic,FR,76.0
C100886,Noah Bernard,user886@example.com,01/02/2023,basic,FR,25.0
C100735,Nina Petit,user735@example.com,07/02/2024,basic,FR,
C100708,Yanis Leroy,user708@example.com,2023/10/13,plus,FR,54.0
C100795,Omar Moreau,user795@example.com,2023-06-27,plus,FR,72.0
C100015,Jules Petit,,2024-04-16,basic,FR,20.0
C101116,Yanis Bernard,user1116@example.com,2024-08-20,basic,FR,51.0
C101070,Nina Dubois,user1070@example.com,2024-02-09,plus,FR,60.0
C100933,Nina Thomas,user933@example.com,2024/01/25,premium,FR,69.0
C100050,Inès Durand,user50@example.com,2024/03/31,basic,FR,77.0
C101122,Inès Dubois,user1122@example.com,11/06/2023,basic,FR,18.0
C100424,Camille Thomas,user424@example.com,2023/09/08,basic,FR,35.0
C100028,Nina Moreau,user28@example.com,24/11/2023,premium,FR,84.0
C100501,Jules Durand,user501@example.com,27/01/2024,premium,FR,47.0
C100208,Nina Moreau,user208@example.com,2023/06/08,premium,FR,55.0
C100023,Noah Durand,user23@example.com,2024/07/10,plus,FR,44.0
C101086,Camille Leroy,user1086@example.com,2024/04/25,premium,FR,66.0
C101147,Omar Leroy,user1147@example.com,2024/04/06,plus,FR,66.0
C100581,Hugo Bernard,user581@example.com,2024/05/15,plus,FR,
C100966,Léa Leroy,user966@example.com,2023/12/27,premium,FR,-5.0
C100959,Sarah Petit,user959@example.com,2023-09-05,basic,FR,47.0
C100888,Omar Richard,user888@example.com,2023-01-10,plus,FR,
C100996,Nina Petit,,12/11/2023,basic,FR,
C101185,Emma Thomas,,2023-07-04,plus,FR,63.0
C100436,Alex Leroy,user436@example.com,2023-12-07,basic,FR,59.0
C100970,Emma Petit,user970@example.com,2023/06/29,basic,FR,20.0
C100664,Inès Leroy,,25/12/2023,plus,FR,83.0
C100681,Camille Durand,,2023-03-24,plus,FR,
C101164,Jules Richard,,07/11/2023,plus,FR,57.0
C100317,Camille Petit,user317@example.com,12/03/2024,premium,FR,50.0
C100358,Inès Dubois,user358@example.com,2023/02/24,plus,FR,48.0
C100766,Nina Richard,user766@example.com,32/13/2025,plus,FR,19.0
C100085,Hugo Richard,user85@example.com,2024-02-25,premium,FR,68.0
C100826,Inès Richard,user826@example.com,13/02/2024,plus,FR,75.0
C100072,Sarah Richard,user72@example.com,2023/10/05,basic,FR,43.0
C100854,Hugo Moreau,user854@example.com,2023/06/22,,FR,46.0
C100706,Nina Leroy,user706@example.com,2023/01/05,basic,FR,24.0
C100824,Camille Petit,user824@example.com,09/01/2024,basic,FR,72.0
C100341,Camille Petit,user341@example.com,2023/06/24,basic,FR,64.0
C100236,Omar Leroy,user236@example.com,02/02/2024,basic,FR,45.0
C100305,Inès Robert,user305@example.com,2023-03-26,basic,FR,
C100865,Léa Dubois,user865@example.com,2024/02/23,premium,FR,38.0
C100335,Noah Dubois,user335@example.com,29/04/2024,basic,FR,
C100703,Léa Bernard,user703@example.com,2023-04-13,basic,FR,47.0
C101114,Léa Bernard,user1114@example.com,27/04/2023,basic,FR,70.0
C100035,Jules Richard,user35@example.com,2023-02-08,basic,FR,37.0
C100736,Nina Robert,,14/03/2024,basic,FR,76.0
C100863,Yanis Bernard,user863@example.com,2024-04-08,basic,FR,26.0
C101016,Sarah Martin,user1016@example.com,19/08/2023,basic,FR,48.0
C100828,Léa Bernard,user828@example.com,02/06/2024,basic,FR,54.0
C101077,Jules Richard,user1077@example.com,10/04/2023,,FR,78.0
C100059,Inès Dubois,user59@example.com,2024/02/14,premium,FR,19.0
C100620,Hugo Martin,user620@example.com,2023/09/18,premium,FR,
C100159,Jules Bernard,,2024-04-15,basic,FR,17.0
C100488,Noah Robert,user488@example.com,2024-04-04,plus,FR,45.0
C100156,Léa Leroy,user156@example.com,17/03/2023,basic,FR,49.0
C100946,Léa Moreau,user946@example.com,2024-08-07,basic,FR,55.0
C100564,Omar Dubois,user564@example.com,2024-06-17,basic,FR,63.0
C100652,Camille Thomas,user652@example.com,02/05/2023,basic,FR,32.0
C100594,Hugo Dubois,user594@example.com,12/07/2023,premium,FR,77.0
C101073,Omar Leroy,user1073@example.com,12/11/2023,plus,FR,48.0
C101171,Noah Moreau,user1171@example.com,2024/01/14,,FR,34.0
C100293,Yanis Martin,user293@example.com,2023/07/18,plus,FR,76.0
C100579,Emma Durand,user579@example.com,2023/03/03,basic,FR,53.0
C100866,Alex Thomas,user866@example.com,2024/05/06,basic,FR,36.0
C101115,Nina Thomas,user1115@example.com,2023/10/22,basic,FR,79.0
C100631,Nina Dubois,,2023-07-16,premium,FR,37.0
C100355,Alex Thomas,user355@example.com,18/08/2024,plus,FR,22.0
C100531,Sarah Leroy,user531@example.com,2023-04-10,basic,FR,49.0
C100395,Hugo Moreau,user395@example.com,2024-06-08,plus,FR,37.0
C100548,Alex Robert,user548@example.com,2023/11/06,basic,FR,32.0
C100421,Noah Durand,user421@example.com,2024-02-21,basic,FR,28.0
C100400,Inès Richard,user400@example.com,21/08/2024,premium,FR,65.0
C100295,Camille Durand,user295@example.com,2023/11/09,plus,FR,59.0
C100625,Hugo Robert,user625@example.com,2023-05-20,basic,FR,36.0
C101145,Nina Leroy,user1145@example.com,17/10/2023,basic,FR,84.0
C101043,Inès Bernard,user1043@example.com,12/08/2023,,FR,80.0
C100861,Yanis Leroy,user861@example.com,2024-07-10,basic,FR,
C101175,Omar Moreau,user1175@example.com,2023-07-23,basic,FR,30.0
C101052,Jules Dubois,user1052@example.com,2023/10/29,basic,FR,
C101106,Omar Durand,,2023/05/27,,FR,74.0
C101180,Noah Martin,user1180@example.com,2023-12-31,plus,FR,64.0
C100893,Sarah Dubois,user893@example.com,11/08/2024,basic,FR,69.0
C100445,Yanis Richard,user445@example.com,02/02/2024,basic,FR,59.0
C101059,Nina Durand,user1059@example.com,06/07/2023,basic,FR,60.0
C100574,Sarah Richard,user574@example.com,05/01/2023,plus,FR,39.0
C100991,Sarah Martin,user991@example.com,26/11/2023,plus,FR,
C100731,Inès Petit,user731@example.com,2023/09/09,plus,FR,65.0
C100300,Hugo Leroy,user300@example.com,07/08/2023,plus,FR,84.0
C101165,Hugo Richard,user1165@example.com,04/03/2023,plus,FR,23.0
C100816,Omar Martin,user816@example.com,2023/01/26,basic,FR,29.0
C101176,Sarah Martin,user1176@example.com,2023-07-09,premium,FR,17.0
C100742,Noah Richard,user742@example.com,16/01/2024,basic,FR,19.0
C100250,Léa Thomas,user250@example.com,18/04/2023,,FR,63.0
C100431,Léa Moreau,user431@example.com,2024/03/19,premium,FR,32.0
C100964,Léa Richard,user964@example.com,2024/07/23,premium,FR,78.0
C100427,Noah Dubois,user427@example.com,2024-04-27,basic,FR,56.0
C100954,Camille Durand,user954@example.com,2024-04-16,plus,FR,65.0
C100733,Omar Petit,user733@example.com,2024-04-09,plus,FR,30.0
C100404,Léa Martin,user404@example.com,27/10/2023,basic,FR,31.0
C100629,Sarah Durand,user629@example.com,2023/08/08,,FR,75.0
C100958,Noah Dubois,user958@example.com,05/08/2024,,FR,73.0
C100176,Yanis Moreau,user176@example.com,06/03/2024,plus,FR,26.0
C100947,Léa Petit,user947@example.com,2023-03-22,premium,FR,52.0
C100234,Sarah Richard,user234@example.com,23/10/2023,basic,FR,
C100366,Camille Moreau,user366@example.com,09/10/2023,basic,FR,27.0
C100711,Sarah Durand,user711@example.com,2023-11-10,basic,FR,68.0
C101123,Nina Moreau,user1123@example.com,2023-05-27,basic,FR,59.0
C100443,Hugo Robert,user443@example.com,2023-10-21,basic,FR,46.0
C101184,Omar Dubois,user1184@example.com,10/09/2023,basic,FR,24.0
C100482,Sarah Dubois,user482@example.com,2023/05/31,plus,FR,73.0
C100746,Nina Bernard,user746@example.com,16/11/2023,basic,FR,32.0
C100798,Inès Dubois,user798@example.com,2023/07/09,plus,FR,
C100449,Omar Durand,user449@example.com,2023/06/21,plus,FR,66.0
C100669,Noah Dubois,user669@example.com,21/03/2023,plus,FR,22.0
C100258,Nina Petit,user258@example.com,2023/04/16,,FR,82.0
C100780,Jules Dubois,user780@example.com,2024-06-10,premium,FR,53.0
C100060,Léa Durand,user60@example.com,07/07/2024,basic,FR,40.0
C100207,Léa Martin,user207@example.com,04/08/2024,basic,FR,78.0
C100012,Omar Thomas,user12@example.com,17/03/2024,plus,FR,
C100444,Yanis Durand,user444@example.com,2023/11/02,basic,FR,57.0
C100283,Yanis Moreau,user283@example.com,2023/10/22,basic,FR,26.0
C100267,Sarah Robert,user267@example.com,2023-07-28,basic,FR,61.0
C100626,Emma Dubois,user626@example.com,2023-07-22,basic,FR,54.0
C100489,Noah Petit,user489@example.com,2023-12-30,basic,FR,82.0
C100316,Noah Thomas,user316@example.com,2024-03-14,basic,FR,16.0
C100057,Omar Moreau,user57@example.com,03/04/2023,plus,FR,48.0
C100334,Emma Petit,user334@example.com,2023-10-04,basic,FR,65.0
C100818,Hugo Durand,user818@example.com,2024-02-04,plus,FR,47.0
C100071,Emma Leroy,user71@example.com,2023-04-24,basic,FR,57.0
C101124,Noah Richard,user1124@example.com,2024/05/19,basic,FR,41.0
C100254,Emma Bernard,user254@example.com,32/13/2025,basic,FR,63.0
C100097,Hugo Petit,user97@example.com,2024-02-14,basic,FR,18.0
C100716,Yanis Durand,user716@example.com,2023/11/07,plus,FR,
C100121,Camille Bernard,user121@example.com,06/02/2024,basic,FR,57.0
C100132,Jules Petit,user132@example.com,2023-02-24,basic,FR,23.0
C100220,Jules Petit,user220@example.com,2023/03/18,plus,FR,0.0
C100162,Omar Bernard,user162@example.com,03/09/2023,plus,FR,82.0
C100217,Omar Moreau,user217@example.com,2023-02-27,basic,FR,35.0
C100286,Inès Petit,user286@example.com,07/04/2023,premium,FR,73.0
C100976,Hugo Richard,,2023-02-27,basic,FR,74.0
C100246,Omar Moreau,user246@example.com,2024-03-30,premium,FR,53.0
C100792,Yanis Leroy,user792@example.com,09/03/2024,basic,FR,71.0
C100033,Omar Robert,user33@example.com,29/11/2023,,FR,28.0
C100045,Alex Thomas,user45@example.com,05/08/2024,basic,FR,65.0
C100577,Nina Leroy,user577@example.com,11/11/2023,basic,FR,82.0
C100540,Yanis Thomas,user540@example.com,2024/03/01,basic,FR,58.0
C101045,Yanis Dubois,user1045@example.com,2023/04/03,basic,FR,37.0
C100730,Omar Durand,user730@example.com,2024-03-13,plus,FR,47.0
C100604,Yanis Robert,user604@example.com,10/05/2024,plus,FR,77.0
C101031,Hugo Dubois,user1031@example.com,14/04/2023,plus,FR,46.0
C100199,Sarah Martin,user199@example.com,2024-07-31,basic,FR,31.0
C100634,Jules Thomas,user634@example.com,2023/04/20,basic,FR,65.0
C100890,Camille Petit,user890@example.com,2023-03-01,basic,FR,35.0
C100319,Léa Durand,user319@example.com,2024-04-06,basic,FR,30.0
C100051,Omar Durand,user51@example.com,27/04/2023,basic,FR,39.0
C100641,Camille Durand,user641@example.com,03/07/2024,plus,FR,29.0
C100968,Alex Petit,user968@example.com,2024/07/06,basic,FR,44.0
C100136,Léa Bernard,user136@example.com,28/12/2023,basic,FR,80.0
C100131,Léa Durand,,2023-11-29,basic,FR,78.0
C100370,Camille Moreau,user370@example.com,2023/07/21,basic,FR,41.0
C100419,Noah Leroy,user419@example.com,32/13/2025,basic,FR,80.0
C100086,Yanis Martin,user86@example.com,28/02/2023,basic,FR,26.0
C100544,Léa Dubois,,13/05/2024,,FR,21.0
C100196,Léa Durand,user196@example.com,25/07/2023,basic,FR,69.0
C100831,Nina Dubois,user831@example.com,2023/05/25,,FR,74.0
C100743,Jules Leroy,user743@example.com,12/06/2023,basic,FR,29.0
C100520,Alex Thomas,user520@example.com,2023-08-03,basic,FR,43.0
C100908,Nina Thomas,user908@example.com,2023-08-11,basic,FR,44.0
C101191,Omar Thomas,user1191@example.com,16/06/2023,plus,FR,-5.0
C101181,Hugo Durand,user1181@example.com,2024-07-10,basic,FR,31.0
C100858,Yanis Moreau,user858@example.com,06/02/2024,basic,FR,26.0
C100165,Alex Moreau,user165@example.com,03/05/2024,,FR,23.0
C100602,Yanis Robert,user602@example.com,19/03/2024,basic,FR,24.0
C100354,Emma Martin,user354@example.com,2024/08/04,basic,FR,72.0
C101040,Sarah Durand,user1040@example.com,2024-02-28,basic,FR,48.0
C101048,Emma Richard,user1048@example.com,06/02/2024,basic,FR,81.0
C101061,Hugo Bernard,user1061@example.com,2024-02-17,premium,FR,63.0
C100423,Sarah Thomas,,15/12/2023,basic,FR,52.0
C100692,Alex Robert,user692@example.com,12/07/2024,plus,FR,79.0
C100308,Sarah Durand,user308@example.com,09/07/2023,basic,FR,45.0
C100975,Noah Bernard,user975@example.com,2023/05/16,plus,FR,84.0
C100997,Omar Durand,user997@example.com,2023/08/05,basic,FR,49.0
C100269,Hugo Moreau,user269@example.com,21/12/2023,,FR,73.0
C100230,Inès Thomas,user230@example.com,2023/10/05,premium,FR,53.0
C100326,Nina Robert,user326@example.com,22/05/2023,,FR,72.0
C100568,Camille Durand,user568@example.com,2024-01-21,basic,FR,21.0
C100365,Jules Robert,,2023-11-08,basic,FR,24.0
C101081,Sarah Thomas,user1081@example.com,2024/08/16,,FR,53.0
C100715,Emma Bernard,user715@example.com,2024-04-24,basic,FR,45.0
C100399,Jules Durand,user399@example.com,2023-07-06,basic,FR,73.0
C100550,Hugo Moreau,user550@example.com,2024-04-26,plus,FR,64.0
C100845,Yanis Robert,user845@example.com,2023/01/04,basic,FR,77.0
C101169,Léa Leroy,user1169@example.com,2024/07/04,basic,FR,52.0
C100537,Yanis Robert,user537@example.com,2023-03-11,basic,FR,
C101126,Yanis Leroy,user1126@example.com,27/05/2024,basic,FR,31.0
C101136,Emma Durand,user1136@example.com,2024/03/10,premium,FR,20.0
C100643,Inès Petit,user643@example.com,2023-10-16,premium,FR,30.0
C100512,Sarah Petit,user512@example.com,2024/05/19,premium,FR,20.0
C100353,Inès Bernard,user353@example.com,2023/09/19,basic,FR,53.0
C100684,Alex Martin,user684@example.com,2023-04-12,,FR,21.0
C100352,Alex Richard,user352@example.com,2023-06-29,basic,FR,76.0
C100425,Nina Bernard,user425@example.com,2023/04/30,plus,FR,16.0
C100870,Jules Richard,user870@example.com,2023/10/01,premium,FR,35.0
C100386,Noah Leroy,user386@example.com,2023/02/10,basic,FR,72.0
C100013,Yanis Moreau,user13@example.com,2024/04/01,basic,FR,34.0
C100935,Nina Thomas,user935@example.com,18/07/2024,basic,FR,49.0
C100654,Hugo Leroy,user654@example.com,2023-11-28,plus,FR,81.0
C100299,Nina Durand,user299@example.com,2023/01/13,plus,FR,23.0
C100557,Nina Thomas,,2024-06-09,premium,FR,35.0
C100872,Omar Petit,user872@example.com,10/03/2023,basic,FR,63.0
C100148,Emma Durand,user148@example.com,2024-05-08,basic,FR,22.0
C100525,Sarah Leroy,user525@example.com,06/07/2023,basic,FR,73.0
C100748,Emma Petit,user748@example.com,07/07/2023,basic,FR,43.0
C100680,Sarah Thomas,user680@example.com,2024/03/10,,FR,17.0
C100545,Camille Robert,user545@example.com,2023-02-02,plus,FR,65.0
C100921,Alex Durand,user921@example.com,2023/12/10,basic,FR,51.0
C101049,Noah Bernard,user1049@example.com,2023/03/13,,FR,84.0
C100434,Inès Richard,user434@example.com,2023-09-18,premium,FR,60.0
C100458,Inès Leroy,,2024/05/19,basic,FR,40.0
C100486,Sarah Durand,,20/07/2023,basic,FR,61.0
C100492,Yanis Bernard,user492@example.com,28/03/2024,basic,FR,16.0
C101166,Jules Petit,user1166@example.com,32/13/2025,basic,FR,66.0
C100561,Alex Richard,user561@example.com,27/01/2023,basic,FR,41.0
C100819,Noah Richard,user819@example.com,22/08/2024,basic,FR,47.0
C101012,Jules Durand,user1012@example.com,28/05/2023,premium,FR,54.0
C100542,Jules Petit,user542@example.com,27/04/2023,basic,FR,63.0
C100203,Léa Petit,user203@example.com,24/02/2024,basic,FR,31.0
C100932,Omar Leroy,user932@example.com,2023/06/04,premium,FR,-5.0
C100284,Camille Durand,user284@example.com,22/09/2023,plus,FR,59.0
C100446,Jules Martin,user446@example.com,2023-07-08,basic,FR,71.0
C100573,Camille Durand,user573@example.com,30/01/2023,premium,FR,28.0
C100556,Omar Durand,user556@example.com,17/03/2024,basic,FR,30.0
C100791,Emma Moreau,,30/09/2023,plus,FR,82.0
C101058,Léa Moreau,user1058@example.com,2023/09/12,basic,FR,
C100008,Inès Thomas,user8@example.com,2023/05/01,basic,FR,26.0
C100883,Nina Robert,user883@example.com,04/04/2023,basic,FR,58.0
C100675,Yanis Thomas,user675@example.com,11/03/2024,plus,FR,66.0
C100213,Nina Thomas,user213@example.com,2023-09-27,premium,FR,45.0
C101087,Emma Dubois,user1087@example.com,2024/08/17,plus,FR,67.0
C100672,Omar Robert,user672@example.com,2024/01/17,premium,FR,30.0
C100807,Emma Richard,user807@example.com,2023-03-08,basic,FR,53.0
C100390,Omar Moreau,,24/03/2024,basic,FR,52.0
C100198,Camille Petit,user198@example.com,2023-07-23,plus,FR,34.0
C100811,Yanis Bernard,user811@example.com,2024-06-11,basic,FR,18.0
C100875,Camille Richard,user875@example.com,30/10/2023,basic,FR,44.0
C100691,Jules Moreau,user691@example.com,22/04/2024,plus,FR,45.0
C101187,Noah Bernard,user1187@example.com,2023-12-26,basic,FR,67.0
C100657,Emma Durand,user657@example.com,2024/01/15,basic,FR,29.0
C101047,Camille Richard,user1047@example.com,2023-12-27,plus,FR,43.0
C100193,Sarah Moreau,user193@example.com,2023-08-06,basic,FR,44.0
C100628,Emma Martin,user628@example.com,2023-10-31,premium,FR,44.0
C100796,Alex Martin,,2024/08/03,basic,FR,29.0
C100832,Inès Bernard,user832@example.com,2023/09/29,basic,FR,-5.0
C100287,Yanis Petit,user287@example.com,10/12/2023,basic,FR,81.0
C100601,Yanis Robert,user601@example.com,12/04/2024,plus,FR,59.0
C100222,Noah Richard,user222@example.com,27/02/2024,basic,FR,82.0
C100244,Omar Moreau,user244@example.com,2024/01/13,basic,FR,72.0
C100228,Inès Durand,user228@example.com,2023/11/25,plus,FR,77.0
C100505,Emma Durand,user505@example.com,30/09/2023,premium,FR,78.0
C100439,Léa Robert,user439@example.com,2023-08-27,plus,FR,68.0
C100133,Jules Robert,user133@example.com,02/12/2023,premium,FR,17.0
C100392,Inès Bernard,,2023-08-09,premium,FR,
C100126,Emma Bernard,user126@example.com,17/02/2023,basic,FR,70.0
C100823,Omar Leroy,user823@example.com,26/01/2024,basic,FR,
C101150,Emma Moreau,user1150@example.com,2023-08-10,basic,FR,62.0
C100533,Omar Bernard,user533@example.com,2023-06-20,basic,FR,140.0
C100247,Inès Robert,user247@example.com,07/09/2023,basic,FR,81.0
C100349,Sarah Bernard,user349@example.com,2023-04-09,basic,FR,54.0
C100212,Nina Martin,user212@example.com,2024/04/18,plus,FR,40.0
C101075,Léa Dubois,user1075@example.com,09/04/2023,basic,FR,79.0
C100856,Yanis Moreau,user856@example.com,27/05/2023,premium,FR,79.0
C101006,Léa Robert,user1006@example.com,2024/05/25,plus,FR,44.0
C100779,Camille Martin,user779@example.com,25/05/2024,basic,FR,23.0
C101162,Yanis Dubois,user1162@example.com,2024-05-23,basic,FR,82.0
C101155,Jules Thomas,user1155@example.com,2023/12/19,,FR,43.0
C100855,Léa Petit,user855@example.com,2024/05/24,basic,FR,49.0
C101152,Camille Petit,user1152@example.com,16/09/2023,basic,FR,45.0
C100521,Léa Richard,user521@example.com,2023-03-29,basic,FR,19.0
C100388,Hugo Leroy,user388@example.com,19/06/2024,basic,FR,20.0
C100878,Sarah Robert,user878@example.com,2023/11/25,basic,FR,26.0
C100416,Nina Durand,,04/08/2024,basic,FR,41.0
C100613,Yanis Bernard,user613@example.com,20/08/2023,basic,FR,55.0
C100309,Camille Robert,user309@example.com,2023/03/07,plus,FR,37.0
C100612,Inès Petit,user612@example.com,2024/04/15,,FR,31.0
C100697,Jules Martin,user697@example.com,21/12/2023,basic,FR,74.0
C101095,Emma Moreau,user1095@example.com,2023/02/18,basic,FR,60.0
C100347,Nina Petit,user347@example.com,2024-07-15,plus,FR,53.0
C100965,Camille Leroy,user965@example.com,19/12/2023,basic,FR,42.0
C100926,Sarah Durand,user926@example.com,21/11/2023,basic,FR,20.0
C100452,Jules Dubois,user452@example.com,2023-10-27,basic,FR,25.0
C100219,Inès Dubois,user219@example.com,25/06/2024,premium,FR,45.0
C100724,Léa Robert,user724@example.com,2024-04-16,basic,FR,65.0
C100656,Inès Bernard,user656@example.com,2024/04/04,basic,FR,35.0
C100104,Inès Thomas,,2024-04-23,plus,FR,70.0
C100665,Jules Petit,user665@example.com,21/02/2024,premium,FR,29.0
C100261,Inès Petit,user261@example.com,13/04/2023,basic,FR,69.0
C101170,Léa Durand,user1170@example.com,2024-01-13,basic,FR,48.0
C100649,Emma Robert,user649@example.com,24/05/2024,plus,FR,33.0
C100463,Hugo Martin,user463@example.com,09/09/2023,basic,FR,
C100980,Emma Durand,user980@example.com,2023/12/20,plus,FR,
C100362,Nina Dubois,user362@example.com,2023-05-15,premium,FR,48.0
C100843,Jules Durand,user843@example.com,2023-01-22,premium,FR,55.0
C100714,Omar Petit,user714@example.com,2024/07/06,basic,FR,
C100195,Inès Robert,user195@example.com,22/02/2023,basic,FR,20.0
C100322,Omar Moreau,user322@example.com,2024/01/04,premium,FR,33.0
C100513,Léa Martin,user513@example.com,2024/05/04,premium,FR,22.0
C100849,Sarah Durand,user849@example.com,2023/12/30,basic,FR,29.0
C100772,Camille Leroy,,2023-01-03,plus,FR,83.0
C100412,Camille Robert,user412@example.com,17/06/2023,plus,FR,59.0
C100406,Camille Thomas,user406@example.com,2023/09/18,premium,FR,54.0
C100709,Inès Moreau,user709@example.com,07/10/2023,premium,FR,59.0
C100437,Jules Robert,user437@example.com,10/07/2024,premium,FR,24.0
C100663,Camille Bernard,user663@example.com,02/05/2023,basic,FR,31.0
C100303,Noah Durand,,2024/06/21,basic,FR,55.0
C101179,Hugo Thomas,user1179@example.com,15/01/2023,plus,FR,23.0
C100456,Omar Moreau,user456@example.com,30/03/2023,basic,FR,24.0
C100821,Camille Thomas,user821@example.com,2024-02-04,basic,FR,69.0
C100361,Yanis Robert,,18/06/2024,,FR,
C100636,Nina Leroy,user636@example.com,2023/05/22,basic,FR,69.0
C100763,Emma Robert,user763@example.com,15/07/2024,basic,FR,74.0
C100519,Yanis Petit,user519@example.com,2023/12/23,,FR,53.0
C100917,Léa Leroy,,32/13/2025,basic,FR,79.0
C100432,Sarah Bernard,user432@example.com,2024/05/10,plus,FR,53.0
C100129,Camille Thomas,user129@example.com,16/01/2024,basic,FR,26.0
C100123,Nina Petit,user123@example.com,2023/10/10,plus,FR,25.0
C100595,Jules Dubois,user595@example.com,2024-04-26,basic,FR,83.0
C101002,Sarah Bernard,,2023-12-01,premium,FR,74.0
C100644,Léa Richard,user644@example.com,2024/04/07,basic,FR,-5.0
C100682,Camille Thomas,user682@example.com,2024-07-29,basic,FR,41.0
C100138,Alex Bernard,user138@example.com,28/07/2023,premium,FR,79.0
C100455,Camille Leroy,user455@example.com,30/11/2023,basic,FR,31.0
C100589,Nina Martin,user589@example.com,2024-05-21,basic,FR,49.0
C100955,Hugo Leroy,user955@example.com,02/01/2024,premium,FR,
C100876,Camille Leroy,user876@example.com,2023/11/20,,FR,
C101138,Alex Bernard,user1138@example.com,22/03/2024,,FR,25.0
C100590,Sarah Richard,user590@example.com,25/04/2024,,FR,62.0
C100944,Alex Robert,user944@example.com,2023-03-19,basic,FR,34.0
C100565,Yanis Martin,user565@example.com,2023/05/23,basic,FR,67.0
C100936,Alex Richard,user936@example.com,2023-04-05,basic,FR,44.0
C100356,Inès Martin,user356@example.com,2023/04/01,premium,FR,78.0
C100610,Noah Robert,user610@example.com,2024-05-15,basic,FR,31.0
C100834,Inès Dubois,user834@example.com,27/05/2024,basic,FR,42.0
C100857,Léa Martin,user857@example.com,04/02/2023,basic,FR,33.0
C100797,Inès Robert,user797@example.com,2023-10-03,basic,FR,42.0
C100829,Léa Leroy,user829@example.com,2023/01/18,plus,FR,50.0
C100757,Nina Bernard,user757@example.com,18/08/2023,basic,FR,68.0
C101008,Camille Richard,user1008@example.com,2024-03-16,basic,FR,65.0
C100426,Noah Leroy,user426@example.com,2024/06/02,basic,FR,23.0
C100275,Emma Bernard,user275@example.com,17/10/2023,basic,FR,48.0
C100093,Jules Dubois,user93@example.com,21/08/2023,basic,FR,26.0
C100909,Yanis Moreau,user909@example.com,2023/02/25,basic,FR,84.0
C100281,Jules Martin,user281@example.com,2023/10/19,basic,FR,
C101093,Alex Martin,user1093@example.com,2023-08-24,basic,FR,22.0
C101098,Hugo Martin,user1098@example.com,25/01/2023,basic,FR,33.0
C100500,Hugo Martin,user500@example.com,32/13/2025,premium,FR,51.0
C100862,Jules Martin,user862@example.com,14/03/2023,basic,FR,55.0
C101101,Yanis Thomas,user1101@example.com,2023-10-09,plus,FR,43.0
C100004,Emma Leroy,user4@example.com,17/09/2023,basic,FR,66.0
C101158,Alex Martin,user1158@example.com,2023/08/19,premium,FR,29.0
C101027,Hugo Dubois,user1027@example.com,2023/06/18,basic,FR,34.0
C100327,Omar Petit,user327@example.com,2023/01/23,basic,FR,
C101140,Sarah Richard,user1140@example.com,2024/06/12,basic,FR,56.0
C100153,Alex Richard,user153@example.com,2023/06/26,basic,FR,17.0
C100433,Inès Robert,user433@example.com,2023/03/20,plus,FR,69.0
C100693,Jules Dubois,user693@example.com,2024-07-21,basic,FR,
C100789,Nina Petit,user789@example.com,2023-01-08,basic,FR,64.0
C100384,Noah Dubois,user384@example.com,2023/01/20,plus,FR,57.0
C100181,Nina Bernard,user181@example.com,2023-04-02,basic,FR,79.0
C100942,Yanis Moreau,user942@example.com,02/07/2024,plus,FR,59.0
C101064,Léa Petit,user1064@example.com,2024/03/27,plus,FR,71.0
C100961,Nina Thomas,user961@example.com,2023/09/03,basic,FR,33.0
C100037,Emma Robert,user37@example.com,2024/05/11,basic,FR,35.0
C100401,Sarah Richard,user401@example.com,2024-04-11,,FR,
C100151,Alex Moreau,user151@example.com,18/06/2023,plus,FR,66.0
C100323,Noah Martin,user323@example.com,2024-07-03,plus,FR,38.0
C100084,Léa Martin,user84@example.com,2024/01/13,premium,FR,48.0
C100441,Emma Durand,,2023-06-30,basic,FR,80.0
C100859,Emma Thomas,user859@example.com,2024-04-25,basic,FR,59.0
C100509,Emma Bernard,user509@example.com,22/05/2023,basic,FR,
C100635,Jules Leroy,user635@example.com,2024-02-16,basic,FR,20.0
C100475,Noah Durand,user475@example.com,2024-04-15,premium,FR,
C101192,Omar Leroy,user1192@example.com,2023-04-13,basic,FR,69.0
C101069,Emma Leroy,user1069@example.com,2023/01/07,premium,FR,83.0
C100108,Hugo Thomas,user108@example.com,2023-10-10,basic,FR,75.0
C100623,Hugo Richard,user623@example.com,2023-09-08,plus,FR,82.0
C100924,Camille Robert,,32/13/2025,basic,FR,55.0
C100447,Sarah Durand,user447@example.com,2024/07/27,plus,FR,75.0
C100630,Alex Moreau,user630@example.com,18/03/2024,basic,FR,
C100988,Nina Robert,user988@example.com,28/05/2023,basic,FR,40.0
C101011,Hugo Petit,user1011@example.com,24/04/2024,basic,FR,57.0
C100852,Sarah Bernard,user852@example.com,2024/07/31,basic,FR,77.0
C100608,Hugo Robert,user608@example.com,2024-08-03,basic,FR,-5.0
C100806,Léa Leroy,,2023/11/23,basic,FR,33.0
C101028,Emma Durand,user1028@example.com,06/12/2023,basic,FR,40.0
C101132,Inès Moreau,user1132@example.com,21/04/2024,plus,FR,39.0
C100660,Camille Dubois,user660@example.com,17/04/2023,,FR,
C100913,Yanis Thomas,user913@example.com,2024/08/11,plus,FR,84.0
C100495,Hugo Robert,user495@example.com,05/09/2023,basic,FR,52.0
C100163,Hugo Thomas,user163@example.com,2023-09-01,basic,FR,32.0
C100599,Yanis Moreau,user599@example.com,2024-01-21,,FR,24.0
C100916,Sarah Petit,,2023-11-22,,FR,37.0
C100178,Camille Leroy,user178@example.com,24/06/2024,plus,FR,17.0
C100851,Alex Richard,user851@example.com,2024-04-25,basic,FR,69.0
C100952,Emma Moreau,user952@example.com,2024-01-04,plus,FR,23.0
C100253,Hugo Richard,user253@example.com,2023-07-17,premium,FR,71.0
C101163,Hugo Leroy,user1163@example.com,15/11/2023,premium,FR,51.0
C100718,Nina Moreau,user718@example.com,22/05/2023,plus,FR,39.0
C100448,Camille Bernard,user448@example.com,2023/11/09,premium,FR,61.0
C100767,Alex Dubois,user767@example.com,15/10/2023,plus,FR,72.0
C100438,Alex Martin,user438@example.com,18/02/2023,basic,FR,53.0
C100842,Nina Richard,user842@example.com,2024-06-29,plus,FR,53.0
C100087,Camille Richard,user87@example.com,2023/07/07,basic,FR,17.0
C100139,Inès Dubois,user139@example.com,2023/09/20,basic,FR,60.0
C100611,Yanis Robert,user611@example.com,2023/10/05,basic,FR,
C100526,Jules Robert,user526@example.com,2024-07-08,basic,FR,76.0
C100524,Alex Thomas,user524@example.com,2023-07-11,basic,FR,39.0
C100470,Alex Petit,user470@example.com,18/03/2024,basic,FR,45.0
C100940,Yanis Dubois,user940@example.com,19/02/2024,premium,FR,76.0
C101094,Camille Martin,user1094@example.com,2023-07-17,basic,FR,25.0
C100172,Omar Dubois,,2024/04/07,basic,FR,25.0
C100288,Inès Dubois,user288@example.com,22/11/2023,,FR,75.0
C100591,Nina Petit,user591@example.com,25/06/2024,basic,FR,30.0
C100699,Hugo Richard,user699@example.com,27/02/2023,basic,FR,
C100007,Alex Bernard,user7@example.com,2024/02/23,basic,FR,60.0
C100232,Omar Richard,user232@example.com,32/13/2025,basic,FR,81.0
C100637,Léa Robert,user637@example.com,28/06/2023,basic,FR,79.0
C100848,Léa Bernard,user848@example.com,2024-05-06,basic,FR,57.0
C100342,Jules Durand,user342@example.com,2024-01-09,basic,FR,79.0
C100296,Jules Durand,user296@example.com,24/05/2024,premium,FR,22.0
C100200,Alex Richard,user200@example.com,2023-08-08,basic,FR,45.0
C101105,Jules Durand,user1105@example.com,19/04/2023,basic,FR,37.0
C101195,Noah Dubois,user1195@example.com,2024/01/16,premium,FR,80.0
C100099,Noah Thomas,user99@example.com,2023/03/25,basic,FR,70.0
C100683,Emma Moreau,user683@example.com,29/07/2024,plus,FR,40.0
C100906,Jules Durand,user906@example.com,2023-09-04,plus,FR,36.0
C100869,Léa Moreau,user869@example.com,2023/01/25,,FR,72.0
C101085,Hugo Leroy,user1085@example.com,2024/05/18,basic,FR,73.0
C100973,Nina Bernard,user973@example.com,12/10/2023,basic,FR,53.0
C100759,Inès Petit,user759@example.com,2024-03-13,plus,FR,79.0
C100336,Yanis Dubois,user336@example.com,2024/07/31,plus,FR,43.0
C100179,Inès Leroy,user179@example.com,2023/10/28,basic,FR,46.0
C101080,Sarah Bernard,user1080@example.com,2024-07-06,,FR,57.0
C100042,Omar Robert,,2024-02-25,basic,FR,
C100698,Nina Thomas,user698@example.com,31/01/2023,basic,FR,48.0
C100504,Hugo Petit,user504@example.com,2023/06/14,basic,FR,32.0
C100379,Emma Richard,user379@example.com,2023-06-07,premium,FR,80.0
C100737,Nina Dubois,user737@example.com,20/07/2023,plus,FR,44.0
C100118,Hugo Durand,user118@example.com,2023/05/28,plus,FR,83.0
C100773,Inès Petit,user773@example.com,06/03/2024,basic,FR,68.0
C100695,Jules Bernard,user695@example.com,2023-06-02,basic,FR,16.0
C101050,Léa Leroy,user1050@example.com,2023/11/01,basic,FR,28.0
C101156,Hugo Leroy,user1156@example.com,14/03/2023,basic,FR,18.0
C100134,Yanis Thomas,user134@example.com,2024-04-21,premium,FR,39.0
C100485,Hugo Moreau,user485@example.com,2023/05/20,basic,FR,42.0
C101009,Emma Robert,user1009@example.com,2023/11/09,basic,FR,37.0
C100052,Jules Robert,user52@example.com,2023/08/07,basic,FR,46.0
C100360,Hugo Thomas,user360@example.com,2024-05-22,premium,FR,81.0
C100259,Noah Robert,user259@example.com,2023-12-19,basic,FR,34.0
C100646,Alex Robert,user646@example.com,2023-10-04,basic,FR,50.0
C100661,Alex Martin,user661@example.com,2024-03-16,,FR,66.0
C100329,Hugo Thomas,user329@example.com,2023-11-29,basic,FR,37.0
C100297,Emma Leroy,user297@example.com,2023-09-21,plus,FR,71.0
C100534,Inès Bernard,user534@example.com,2023/12/13,premium,FR,37.0
C100022,Sarah Martin,user22@example.com,20/04/2023,premium,FR,69.0
C100815,Sarah Bernard,user815@example.com,2024-05-17,basic,FR,42.0
C100994,Alex Richard,user994@example.com,2023/11/14,plus,FR,27.0
C100282,Alex Thomas,user282@example.com,2024/02/07,,FR,35.0
C101108,Nina Moreau,,2024/07/18,plus,FR,48.0
C100586,Yanis Dubois,user586@example.com,2024/02/18,basic,FR,36.0
C101157,Omar Leroy,user1157@example.com,2024-05-25,basic,FR,18.0
C101193,Hugo Durand,user1193@example.com,26/02/2024,basic,FR,
C101160,Noah Richard,user1160@example.com,2023-12-16,plus,FR,38.0
C100812,Nina Moreau,user812@example.com,15/02/2024,basic,FR,63.0
C100467,Jules Thomas,user467@example.com,2023-12-24,,FR,73.0
C100066,Omar Petit,,2024-06-27,basic,FR,
C100451,Emma Martin,user451@example.com,08/07/2024,basic,FR,75.0
C101153,Nina Richard,,2024/06/29,basic,FR,56.0
C100592,Jules Thomas,user592@example.com,24/05/2023,basic,FR,44.0
C101178,Sarah Moreau,user1178@example.com,2023/06/05,basic,FR,67.0
C100723,Omar Moreau,user723@example.com,13/03/2023,basic,FR,28.0
C100143,Jules Petit,user143@example.com,03/09/2023,plus,FR,29.0
C100430,Sarah Moreau,user430@example.com,2023/02/20,basic,FR,
C100814,Omar Petit,user814@example.com,11/04/2024,basic,FR,64.0
C100184,Yanis Leroy,user184@example.com,25/10/2023,premium,FR,57.0
C100728,Emma Leroy,,2023/10/20,basic,FR,59.0
C100754,Jules Durand,user754@example.com,2023/11/30,premium,FR,37.0
C100762,Alex Moreau,user762@example.com,23/07/2024,plus,FR,
C100478,Emma Thomas,user478@example.com,2024/02/03,premium,FR,17.0
C100532,Alex Leroy,user532@example.com,2023-04-04,plus,FR,56.0
C100409,Inès Durand,user409@example.com,2023-01-09,basic,FR,42.0
C100701,Sarah Martin,user701@example.com,2024-01-05,basic,FR,84.0
C100480,Léa Thomas,user480@example.com,2023-06-22,plus,FR,59.0
C100120,Omar Thomas,user120@example.com,21/09/2023,basic,FR,51.0
C100089,Alex Thomas,user89@example.com,14/05/2024,plus,FR,70.0
C100925,Camille Dubois,user925@example.com,21/07/2024,basic,FR,
C100934,Omar Bernard,user934@example.com,32/13/2025,basic,FR,28.0
C100107,Léa Thomas,user107@example.com,2024-02-03,,FR,64.0
C100472,Yanis Robert,user472@example.com,17/09/2023,plus,FR,17.0
C100971,Nina Robert,user971@example.com,2023-09-09,basic,FR,69.0
C100266,Léa Martin,,2023-09-26,basic,FR,24.0
C100999,Jules Durand,user999@example.com,2023/11/04,plus,FR,22.0
C100787,Sarah Thomas,user787@example.com,16/02/2024,plus,FR,43.0
C100249,Alex Leroy,user249@example.com,2023/01/25,basic,FR,78.0
C100891,Léa Richard,,01/03/2024,premium,FR,34.0
C100995,Sarah Bernard,user995@example.com,11/01/2024,plus,FR,27.0
C100420,Nina Richard,user420@example.com,2024-07-10,basic,FR,35.0
C100140,Omar Durand,user140@example.com,2024-08-12,basic,FR,37.0
C100616,Hugo Robert,user616@example.com,2023-05-30,plus,FR,27.0
C100466,Sarah Bernard,user466@example.com,10/04/2023,plus,FR,63.0
C100462,Sarah Moreau,user462@example.com,25/03/2024,plus,FR,0.0
C100477,Sarah Moreau,user477@example.com,2023-01-11,basic,FR,-5.0
C100105,Camille Richard,user105@example.com,2024-04-17,,FR,55.0
C100606,Jules Bernard,user606@example.com,2023-07-13,basic,FR,47.0
C100150,Sarah Thomas,user150@example.com,2024/05/28,plus,FR,32.0
C101026,Hugo Martin,user1026@example.com,2023/02/16,plus,FR,0.0
C100403,Noah Robert,user403@example.com,06/08/2024,plus,FR,80.0
C100302,Yanis Dubois,user302@example.com,2023-01-06,basic,FR,78.0
C100679,Alex Petit,user679@example.com,2024-07-15,plus,FR,39.0
C100124,Omar Durand,user124@example.com,2024/05/28,basic,FR,38.0
C100833,Jules Robert,user833@example.com,2023/03/27,basic,FR,
C100348,Sarah Petit,user348@example.com,2023-04-19,basic,FR,28.0
C100368,Hugo Petit,user368@example.com,14/01/2023,basic,FR,57.0
C100141,Yanis Thomas,user141@example.com,2023-05-09,plus,FR,25.0
C100739,Camille Bernard,user739@example.com,2024-06-23,basic,FR,72.0
C100021,Nina Moreau,user21@example.com,11/08/2023,basic,FR,21.0
C100847,Alex Richard,,31/01/2023,basic,FR,31.0
C100653,Yanis Martin,user653@example.com,2024-04-27,plus,FR,78.0
C100650,Hugo Petit,user650@example.com,32/13/2025,basic,FR,73.0
C100049,Hugo Richard,user49@example.com,12/04/2024,premium,FR,67.0
C100600,Jules Thomas,user600@example.com,2024-01-05,plus,FR,76.0
C101149,Sarah Moreau,user1149@example.com,2024/05/26,basic,FR,57.0
C101013,Nina Durand,user1013@example.com,2023-07-08,basic,FR,61.0
C100615,Hugo Richard,user615@example.com,2024-01-19,basic,FR,69.0
C100840,Emma Moreau,user840@example.com,2023/06/23,basic,FR,
C100562,Noah Durand,user562@example.com,2023-10-23,basic,FR,56.0
C100720,Jules Robert,user720@example.com,2023-03-25,basic,FR,50.0
C101111,Noah Richard,user1111@example.com,2023-05-20,basic,FR,
C101141,Omar Richard,,23/07/2023,basic,FR,59.0
C101091,Noah Moreau,user1091@example.com,2023-09-26,plus,FR,33.0
C100580,Léa Martin,user580@example.com,2023-02-25,basic,FR,52.0
C101033,Omar Richard,user1033@example.com,2023/07/08,premium,FR,59.0
C100026,Léa Robert,user26@example.com,2023/08/30,basic,FR,35.0
C101001,Nina Leroy,user1001@example.com,18/03/2024,premium,FR,
C101072,Jules Dubois,user1072@example.com,2024-03-29,plus,FR,21.0
C100963,Jules Bernard,,2023/05/11,basic,FR,19.0
C100734,Noah Bernard,user734@example.com,2023-05-05,,FR,53.0
C100077,Léa Dubois,user77@example.com,17/05/2023,,FR,26.0
C100747,Omar Richard,user747@example.com,2023-07-08,premium,FR,44.0
C100385,Omar Dubois,user385@example.com,15/03/2023,premium,FR,71.0
C100813,Omar Moreau,user813@example.com,2023/06/20,basic,FR,68.0
C100927,Léa Dubois,user927@example.com,2023-06-30,basic,FR,17.0
C101148,Yanis Leroy,user1148@example.com,2024-02-18,basic,FR,69.0
C100494,Omar Richard,user494@example.com,2023-06-23,,FR,72.0
C100785,Yanis Moreau,user785@example.com,2023/12/19,premium,FR,41.0
C100272,Yanis Thomas,user272@example.com,2023/04/01,basic,FR,56.0
C100587,Noah Robert,user587@example.com,2023/03/01,plus,FR,17.0
C100240,Sarah Martin,user240@example.com,2023/03/26,basic,FR,56.0
C100310,Inès Robert,user310@example.com,2024/02/04,basic,FR,250.0
C100053,Jules Thomas,,08/10/2023,plus,FR,54.0
C101172,Sarah Durand,user1172@example.com,23/08/2023,basic,FR,28.0
C100394,Inès Durand,user394@example.com,32/13/2025,plus,FR,69.0
C101102,Emma Petit,user1102@example.com,05/07/2024,basic,FR,32.0
C100633,Nina Petit,user633@example.com,2023-08-16,basic,FR,63.0
C100957,Hugo Thomas,user957@example.com,2024-01-16,basic,FR,45.0
C100285,Omar Moreau,user285@example.com,16/07/2024,basic,FR,32.0
C101099,Yanis Leroy,,2023/09/18,plus,FR,16.0
C100155,Hugo Durand,user155@example.com,2024-02-02,basic,FR,69.0
C100417,Léa Leroy,user417@example.com,2023-03-15,plus,FR,64.0
C100278,Nina Bernard,user278@example.com,08/02/2023,basic,FR,63.0
C100775,Nina Dubois,user775@example.com,2024/07/24,basic,FR,16.0
C101054,Inès Bernard,user1054@example.com,2023-02-15,premium,FR,74.0
C100880,Jules Richard,user880@example.com,2023-02-21,basic,FR,60.0
C101113,Nina Leroy,user1113@example.com,2023-06-25,basic,FR,73.0
C100378,Camille Leroy,user378@example.com,16/08/2023,premium,FR,64.0
C100306,Léa Durand,user306@example.com,2023-07-01,plus,FR,38.0
C100273,Léa Durand,user273@example.com,2024-07-29,basic,FR,49.0
C100062,Camille Dubois,user62@example.com,2023-08-08,basic,FR,54.0
C100260,Léa Dubois,,21/04/2024,plus,FR,19.0
C100502,Léa Durand,user502@example.com,2024/07/31,basic,FR,68.0
C100877,Emma Petit,user877@example.com,2024/03/23,basic,FR,48.0
C100481,Emma Dubois,user481@example.com,12/05/2024,plus,FR,
C100774,Omar Durand,user774@example.com,22/05/2024,,FR,49.0
C100978,Nina Leroy,user978@example.com,2023/07/30,basic,FR,83.0
C100111,Inès Bernard,user111@example.com,2024-04-13,premium,FR,43.0
C100873,Nina Moreau,,16/03/2023,premium,FR,58.0
C101161,Yanis Leroy,user1161@example.com,27/10/2023,basic,FR,38.0
C100252,Camille Richard,,2023/04/23,premium,FR,76.0
C100454,Camille Thomas,user454@example.com,25/12/2023,premium,FR,69.0
C101007,Nina Bernard,user1007@example.com,32/13/2025,basic,FR,60.0
C100722,Léa Richard,user722@example.com,22/05/2024,basic,FR,81.0
C100907,Alex Petit,user907@example.com,14/04/2023,premium,FR,20.0
C100838,Yanis Moreau,user838@example.com,2023/01/09,plus,FR,
C100325,Yanis Martin,user325@example.com,2023/05/19,basic,FR,68.0
C100197,Sarah Martin,user197@example.com,2023/03/12,premium,FR,17.0
C101097,Hugo Petit,user1097@example.com,2024/03/29,,FR,32.0
C100068,Léa Robert,,2023-02-15,basic,FR,20.0
C100647,Léa Bernard,user647@example.com,2023/11/18,plus,FR,69.0
C101062,Camille Robert,user1062@example.com,2023/03/28,basic,FR,22.0
C100187,Alex Leroy,user187@example.com,17/08/2023,basic,FR,32.0
C100396,Emma Petit,user396@example.com,2023-01-27,basic,FR,28.0
C100690,Inès Richard,user690@example.com,20/08/2024,basic,FR,23.0
C100064,Emma Petit,user64@example.com,2023/09/04,,FR,22.0
C100330,Yanis Thomas,user330@example.com,2023-11-25,basic,FR,64.0
C100115,Emma Durand,user115@example.com,2023-12-08,plus,FR,69.0
C100769,Emma Petit,user769@example.com,14/08/2023,,FR,43.0
C100363,Hugo Moreau,user363@example.com,2024/06/20,premium,FR,55.0
C100313,Jules Dubois,user313@example.com,2023/06/18,plus,FR,17.0
C100128,Noah Richard,user128@example.com,2023/12/11,basic,FR,34.0
C100440,Noah Dubois,user440@example.com,2024-08-06,plus,FR,78.0
C100194,Inès Richard,user194@example.com,2024/07/29,plus,FR,65.0
C101133,Nina Martin,user1133@example.com,02/04/2024,basic,FR,-5.0
C100135,Camille Durand,user135@example.com,2023/07/02,premium,FR,79.0
C100941,Noah Durand,,2023/08/31,basic,FR,57.0
C100224,Sarah Dubois,user224@example.com,2024/03/08,basic,FR,78.0
C101084,Emma Robert,user1084@example.com,01/05/2023,basic,FR,42.0
C100563,Noah Petit,user563@example.com,2023-04-19,,FR,63.0
C100242,Omar Richard,user242@example.com,26/02/2023,,FR,40.0
C100075,Yanis Martin,user75@example.com,2023-10-13,basic,FR,27.0
C100783,Sarah Durand,user783@example.com,15/03/2023,basic,FR,
C101076,Sarah Dubois,user1076@example.com,2024-03-02,plus,FR,24.0
C100359,Yanis Bernard,user359@example.com,25/03/2024,premium,FR,21.0
C100841,Emma Moreau,user841@example.com,2024/01/29,plus,FR,
C100369,Omar Thomas,user369@example.com,2024-04-08,basic,FR,51.0
C100895,Yanis Thomas,user895@example.com,2024-01-02,basic,FR,68.0
C100337,Hugo Leroy,user337@example.com,2023/07/10,plus,FR,61.0
C101071,Léa Moreau,user1071@example.com,06/05/2023,,FR,24.0
C100006,Omar Martin,user6@example.com,21/02/2023,plus,FR,55.0
C101014,Alex Richard,user1014@example.com,2023-11-08,premium,FR,58.0
C100817,Nina Dubois,user817@example.com,05/03/2023,basic,FR,83.0
C100248,Alex Petit,user248@example.com,2024-04-17,plus,FR,
C100948,Camille Robert,user948@example.com,22/07/2024,plus,FR,66.0
C100702,Jules Petit,user702@example.com,2023-04-11,plus,FR,47.0
C100536,Emma Dubois,user536@example.com,01/10/2023,premium,FR,75.0
C101030,Yanis Bernard,user1030@example.com,2023/10/20,basic,FR,39.0
C100912,Inès Robert,user912@example.com,14/08/2023,basic,FR,17.0
C100318,Omar Richard,user318@example.com,17/07/2024,,FR,60.0
C100056,Noah Moreau,user56@example.com,2023/11/24,plus,FR,20.0
C100383,Emma Durand,user383@example.com,25/05/2023,basic,FR,48.0
C100555,Léa Leroy,user555@example.com,2023/10/30,plus,FR,24.0
C100357,Hugo Dubois,,2024/06/19,basic,FR,21.0
C100530,Inès Dubois,user530@example.com,2023/12/26,premium,FR,61.0
C100510,Jules Richard,user510@example.com,2024-08-19,plus,FR,31.0
C100546,Omar Richard,user546@example.com,2023-09-15,,FR,78.0
C100764,Alex Dubois,user764@example.com,32/13/2025,plus,FR,82.0
C100170,Inès Richard,user170@example.com,05/03/2023,basic,FR,29.0
C101025,Nina Petit,user1025@example.com,2023/02/03,basic,FR,31.0
C101112,Omar Dubois,user1112@example.com,26/04/2023,basic,FR,75.0
C100186,Hugo Leroy,user186@example.com,2023-04-10,plus,FR,32.0
C100010,Alex Leroy,user10@example.com,2023/11/12,plus,FR,30.0
C101103,Sarah Durand,user1103@example.com,2023/04/01,basic,FR,36.0
C100686,Jules Moreau,user686@example.com,2023/09/02,basic,FR,62.0
C101199,Léa Petit,user1199@example.com,08/01/2024,plus,FR,82.0
C100030,Alex Thomas,,28/09/2023,basic,FR,19.0
C100627,Emma Bernard,user627@example.com,2023/08/09,basic,FR,28.0
C100065,Hugo Bernard,user65@example.com,2023/07/15,plus,FR,38.0
C100189,Jules Robert,user189@example.com,2023/06/30,basic,FR,59.0
C100116,Inès Leroy,user116@example.com,23/01/2023,plus,FR,51.0
C100756,Nina Leroy,user756@example.com,2024-03-18,plus,FR,82.0
C100962,Hugo Petit,user962@example.com,19/05/2024,basic,FR,56.0
C101035,Inès Bernard,,21/03/2024,premium,FR,49.0
C100732,Nina Durand,user732@example.com,06/07/2024,plus,FR,38.0
C101024,Emma Richard,user1024@example.com,08/05/2024,premium,FR,37.0
C100700,Alex Dubois,user700@example.com,2023-11-09,,FR,47.0
C100717,Camille Bernard,user717@example.com,2023/10/23,plus,FR,24.0
C100048,Camille Thomas,user48@example.com,11/02/2024,premium,FR,21.0
C100214,Emma Thomas,user214@example.com,2024-03-18,basic,FR,140.0
C100125,Noah Martin,user125@example.com,2023/12/06,,FR,
C100046,Alex Richard,user46@example.com,2023/09/25,plus,FR,18.0
C100256,Léa Robert,user256@example.com,2024/02/11,basic,FR,
C100993,Sarah Richard,user993@example.com,2023-09-16,basic,FR,79.0
C100810,Omar Martin,user810@example.com,2023/01/27,basic,FR,18.0
C100553,Léa Durand,user553@example.com,2023/07/10,plus,FR,0.0
C100802,Noah Petit,,2023/11/06,premium,FR,53.0
C101005,Hugo Dubois,user1005@example.com,2024/07/06,plus,FR,19.0
C100938,Jules Dubois,user938@example.com,2023/10/04,plus,FR,82.0
C100016,Nina Robert,user16@example.com,2023-11-04,basic,FR,65.0
C101119,Camille Martin,user1119@example.com,2023-10-23,premium,FR,52.0
C100405,Léa Thomas,user405@example.com,2023/10/28,basic,FR,50.0
C100839,Hugo Durand,user839@example.com,2024/06/30,,FR,19.0
C100047,Omar Robert,user47@example.com,2024-06-19,,FR,69.0
C100157,Jules Martin,user157@example.com,2023/12/01,basic,FR,20.0
C100929,Inès Durand,user929@example.com,2023/12/13,basic,FR,50.0
C100805,Noah Thomas,user805@example.com,13/04/2024,premium,FR,69.0
C100777,Noah Richard,user777@example.com,2023-03-13,premium,FR,25.0
C100541,Yanis Leroy,user541@example.com,2023/02/03,,FR,58.0
C100658,Noah Robert,user658@example.com,2023/02/13,,FR,28.0
C100382,Omar Richard,user382@example.com,2024/07/22,basic,FR,59.0
C100218,Noah Dubois,user218@example.com,2023/09/26,premium,FR,75.0
C100070,Emma Bernard,user70@example.com,2024/04/22,premium,FR,73.0
C100069,Léa Martin,user69@example.com,2023/10/09,basic,FR,64.0
C100707,Hugo Bernard,user707@example.com,2023/12/10,basic,FR,26.0
C100090,Hugo Bernard,user90@example.com,2023/09/19,basic,FR,55.0
C100674,Inès Durand,user674@example.com,2024/01/09,premium,FR,84.0
C101051,Sarah Robert,user1051@example.com,07/08/2023,plus,FR,75.0
C101017,Camille Petit,user1017@example.com,2023/10/24,premium,FR,59.0
C100054,Noah Leroy,user54@example.com,2023-10-26,basic,FR,66.0
C100928,Omar Bernard,user928@example.com,09/09/2023,basic,FR,
C100457,Hugo Moreau,user457@example.com,16/01/2024,plus,FR,0.0
C100614,Inès Petit,user614@example.com,16/02/2024,plus,FR,55.0
C101127,Yanis Durand,user1127@example.com,2024-01-18,basic,FR,39.0
C100127,Alex Petit,user127@example.com,2024-04-03,plus,FR,72.0
C100668,Omar Moreau,user668@example.com,2024/07/05,basic,FR,46.0
C100109,Alex Bernard,user109@example.com,28/02/2024,premium,FR,53.0
C100484,Jules Robert,user484@example.com,2023/10/05,basic,FR,16.0
C100043,Emma Leroy,user43@example.com,01/08/2023,basic,FR,32.0
C100422,Sarah Robert,user422@example.com,04/04/2024,plus,FR,18.0
C100593,Léa Petit,user593@example.com,2024/08/10,plus,FR,78.0
C101128,Sarah Durand,user1128@example.com,2023/11/30,plus,FR,65.0
C100981,Noah Durand,user981@example.com,2024/02/26,premium,FR,49.0
C100588,Alex Martin,user588@example.com,2024-05-17,premium,FR,50.0
C100453,Hugo Robert,user453@example.com,2023/01/15,basic,FR,
C100969,Yanis Martin,user969@example.com,22/01/2023,basic,FR,62.0
C100990,Léa Durand,user990@example.com,2023-07-25,basic,FR,
C100160,Hugo Bernard,user160@example.com,2024-08-20,plus,FR,70.0
C100145,Sarah Durand,user145@example.com,2024/05/27,plus,FR,46.0
C101151,Camille Dubois,user1151@example.com,2023/10/30,premium,FR,67.0
C100474,Sarah Robert,user474@example.com,16/01/2024,,FR,37.0
C100710,Alex Leroy,user710@example.com,2024-02-12,basic,FR,140.0
C101067,Nina Bernard,user1067@example.com,2024-01-20,basic,FR,68.0
C100871,Nina Robert,user871@example.com,2023-05-02,basic,FR,58.0
C100289,Emma Martin,user289@example.com,12/10/2023,basic,FR,40.0
C100923,Camille Leroy,user923@example.com,29/03/2023,basic,FR,23.0
C100315,Noah Dubois,user315@example.com,2024-01-31,basic,FR,41.0
C100749,Noah Martin,user749@example.com,05/04/2023,premium,FR,32.0
C100800,Nina Bernard,user800@example.com,2023-01-08,plus,FR,75.0
C100468,Jules Leroy,user468@example.com,2023/04/19,basic,FR,63.0
C100098,Inès Leroy,user98@example.com,2024/01/18,plus,FR,67.0
C100226,Omar Martin,user226@example.com,2024-04-30,basic,FR,71.0
C100450,Camille Moreau,user450@example.com,2024-07-30,basic,FR,31.0
C100381,Yanis Bernard,user381@example.com,2024/07/16,basic,FR,26.0
C101198,Emma Durand,user1198@example.com,2024-04-26,basic,FR,22.0
C100461,Hugo Petit,,26/03/2023,plus,FR,40.0
C100793,Emma Robert,user793@example.com,32/13/2025,basic,FR,45.0
C101135,Yanis Moreau,user1135@example.com,2023-02-04,plus,FR,40.0
C100648,Yanis Richard,user648@example.com,2024/07/30,basic,FR,50.0
C100277,Emma Moreau,user277@example.com,14/04/2024,premium,FR,36.0
C101120,Sarah Petit,user1120@example.com,2023-01-09,basic,FR,31.0
C100321,Inès Petit,user321@example.com,2023-03-06,basic,FR,
C100651,Emma Richard,user651@example.com,2024-01-27,premium,FR,84.0
C100809,Noah Martin,user809@example.com,21/08/2024,plus,FR,32.0
C100992,Emma Thomas,user992@example.com,2023/04/29,plus,FR,35.0
C100483,Camille Martin,user483@example.com,2024/04/23,basic,FR,30.0
C100442,Camille Martin,user442@example.com,2023/03/21,basic,FR,26.0
C100503,Sarah Dubois,user503@example.com,2024/06/04,plus,FR,42.0
C100639,Yanis Robert,user639@example.com,2024/07/23,plus,FR,24.0
C100582,Inès Robert,,2023-03-06,basic,FR,59.0
C101021,Hugo Durand,user1021@example.com,13/02/2023,basic,FR,23.0
C100750,Sarah Moreau,user750@example.com,2024-07-30,premium,FR,74.0
C100874,Alex Richard,user874@example.com,23/02/2024,basic,FR,37.0
C100576,Emma Bernard,user576@example.com,09/07/2024,plus,FR,39.0
C100673,Alex Richard,user673@example.com,2023/02/27,premium,FR,27.0
C100713,Alex Durand,user713@example.com,03/04/2024,,FR,50.0
C100885,Jules Moreau,user885@example.com,16/03/2024,basic,FR,61.0
C100397,Nina Martin,user397@example.com,28/04/2023,basic,FR,31.0
C100903,Hugo Petit,user903@example.com,2024/06/14,premium,FR,60.0
C100822,Omar Moreau,user822@example.com,2023/03/23,basic,FR,76.0
C100188,Sarah Bernard,user188@example.com,2023/05/24,premium,FR,23.0
C101060,Léa Dubois,,2024/04/07,plus,FR,64.0
C100490,Sarah Leroy,user490@example.com,13/07/2024,plus,FR,73.0
C101082,Emma Leroy,,2024/07/28,basic,FR,84.0
C101100,Sarah Robert,user1100@example.com,2023/10/15,premium,FR,68.0
C101131,Yanis Thomas,user1131@example.com,2024/02/07,basic,FR,55.0
C100122,Emma Petit,user122@example.com,28/01/2024,basic,FR,44.0
C100009,Léa Moreau,user9@example.com,2023/02/26,basic,FR,84.0
C100977,Jules Martin,user977@example.com,2023/12/10,plus,FR,40.0
C100164,Hugo Moreau,user164@example.com,2023-09-08,basic,FR,74.0
C100804,Omar Leroy,user804@example.com,2024/03/18,basic,FR,29.0
C100786,Yanis Petit,user786@example.com,2023/01/20,basic,FR,30.0
C100622,Sarah Thomas,user622@example.com,2023-04-10,basic,FR,46.0
C100101,Omar Richard,user101@example.com,2023/04/30,plus,FR,48.0
C100949,Inès Robert,user949@example.com,2023/06/16,basic,FR,
C100351,Noah Leroy,user351@example.com,27/01/2023,,FR,42.0
C100373,Emma Moreau,user373@example.com,2023-08-13,plus,FR,250.0
C100571,Noah Dubois,user571@example.com,07/09/2023,plus,FR,83.0
C100560,Inès Petit,user560@example.com,2023/11/18,basic,FR,26.0
C100726,Hugo Petit,user726@example.com,2024/03/08,basic,FR,75.0
C100271,Yanis Durand,user271@example.com,2023-01-14,basic,FR,24.0
C100621,Hugo Durand,user621@example.com,2023/10/14,basic,FR,56.0
C100953,Yanis Bernard,user953@example.com,2023/09/14,plus,FR,74.0
C100689,Hugo Thomas,user689@example.com,32/13/2025,basic,FR,41.0
C100645,Camille Petit,user645@example.com,2023/07/17,plus,FR,26.0
C100239,Jules Moreau,user239@example.com,2024-01-12,,FR,59.0
C101154,Léa Richard,user1154@example.com,2023/07/02,basic,FR,75.0
C100076,Noah Robert,user76@example.com,18/07/2023,basic,FR,21.0
C100223,Omar Thomas,user223@example.com,2023-05-02,basic,FR,59.0
C100662,Sarah Durand,user662@example.com,2023/01/22,premium,FR,84.0
C100642,Camille Dubois,user642@example.com,2024/05/27,basic,FR,62.0
C100830,Inès Richard,user830@example.com,28/05/2023,basic,FR,56.0
C100919,Inès Moreau,user919@example.com,2024/01/17,basic,FR,42.0
C101139,Omar Dubois,user1139@example.com,2023/11/20,basic,FR,59.0
C100518,Alex Leroy,user518@example.com,2023-10-13,plus,FR,26.0
C101057,Alex Richard,,08/04/2024,,FR,54.0
C100460,Yanis Robert,,09/03/2024,basic,FR,45.0
C100311,Nina Richard,user311@example.com,2024/02/08,basic,FR,70.0
C100018,Nina Bernard,user18@example.com,2024/05/18,plus,FR,
C100191,Noah Leroy,user191@example.com,14/01/2024,plus,FR,43.0
C100413,Inès Petit,user413@example.com,2023/03/21,basic,FR,50.0
C100894,Inès Richard,user894@example.com,25/03/2024,premium,FR,31.0
C101039,Camille Robert,user1039@example.com,2024-05-11,basic,FR,77.0
C100280,Inès Thomas,user280@example.com,2023-06-15,basic,FR,62.0
C100499,Emma Robert,user499@example.com,13/09/2023,,FR,24.0
C100328,Léa Leroy,user328@example.com,2023-03-26,basic,FR,46.0
C100000,Emma Bernard,,23/02/2023,,FR,66.0
C100572,Omar Dubois,user572@example.com,19/06/2023,plus,FR,51.0
C100755,Inès Bernard,user755@example.com,2023/09/20,premium,FR,52.0
C101063,Omar Durand,user1063@example.com,28/02/2024,basic,FR,36.0
C100609,Emma Petit,user609@example.com,2024-05-29,basic,FR,57.0
C100741,Omar Bernard,user741@example.com,2024-04-02,basic,FR,49.0
C100950,Camille Martin,user950@example.com,2023-02-26,,FR,28.0
C100339,Hugo Moreau,user339@example.com,2024-07-25,basic,FR,53.0
C100182,Inès Richard,user182@example.com,2023/10/26,basic,FR,60.0
C100493,Hugo Martin,,2023/12/28,plus,FR,65.0
C101189,Yanis Richard,user1189@example.com,2023-01-05,basic,FR,52.0
C100781,Hugo Martin,user781@example.com,18/01/2024,basic,FR,
C100096,Sarah Leroy,user96@example.com,2023-05-24,,FR,83.0
C100666,Yanis Richard,user666@example.com,2023-10-29,,FR,28.0
C100055,Léa Robert,user55@example.com,2023-01-27,premium,FR,58.0
C100350,Yanis Martin,user350@example.com,2023/11/16,basic,FR,52.0
C100983,Jules Bernard,user983@example.com,2024/01/24,basic,FR,52.0
C101023,Camille Thomas,user1023@example.com,2024-05-20,basic,FR,43.0
C100039,Hugo Dubois,user39@example.com,14/01/2024,basic,FR,29.0
C100522,Hugo Durand,,2023/04/26,plus,FR,30.0
C101125,Inès Dubois,,21/05/2024,premium,FR,26.0
C101078,Noah Thomas,user1078@example.com,2023-09-08,premium,FR,17.0
C100304,Yanis Robert,user304@example.com,2023-11-22,plus,FR,48.0
C100215,Emma Bernard,user215@example.com,2023/06/13,plus,FR,38.0
C100825,Sarah Richard,user825@example.com,2023-02-24,basic,FR,64.0
C100298,Léa Moreau,user298@example.com,2023-06-20,basic,FR,66.0
C100371,Noah Thomas,user371@example.com,2024/02/01,plus,FR,24.0
C100538,Léa Robert,user538@example.com,2023/11/21,basic,FR,
C101029,Nina Richard,user1029@example.com,20/07/2023,plus,FR,77.0
C100696,Emma Martin,user696@example.com,09/03/2024,plus,FR,78.0
C100237,Nina Martin,user237@example.com,2023-09-17,basic,FR,74.0
C100376,Léa Petit,,17/03/2024,plus,FR,56.0
C100088,Sarah Thomas,user88@example.com,05/04/2024,basic,FR,0.0
C100972,Noah Martin,user972@example.com,14/10/2023,basic,FR,60.0
C100529,Emma Moreau,user529@example.com,2024-07-06,basic,FR,70.0
C101174,Nina Bernard,user1174@example.com,2023/01/06,basic,FR,63.0
C100268,Inès Petit,user268@example.com,03/01/2024,plus,FR,80.0
C100038,Noah Bernard,user38@example.com,2023/06/16,basic,FR,45.0
C100152,Noah Leroy,user152@example.com,04/07/2024,basic,FR,
C100079,Emma Robert,user79@example.com,06/02/2024,plus,FR,
C100429,Noah Durand,,2024-03-05,basic,FR,63.0
C100661,Alex Mart1n,user661@examp1e.com,2024-03-16,,FR,66.0
C100315,Noah Dubois,user315@examp1e.com,2024-01-31,basic,FR,41.0
C100325,Yanis Mart1n,user325@examp1e.com,2023/05/19,basic,FR,68.0
C100285,Omar Moreau,user285@examp1e.com,16/07/2024,basic,FR,32.0
C101086,Camille Leroy,user1086@examp1e.com,2024/04/25,premium,FR,66.0
C100443,Hugo Robert,user443@examp1e.com,2023-10-21,basic,FR,46.0
C100494,Omar Richard,user494@examp1e.com,2023-06-23,,FR,72.0
C101025,Nina Petit,user1025@examp1e.com,2023/02/03,basic,FR,31.0
C100924,Camille Robert,,2023/05/29,basic,FR,55.0
C101062,Camille Robert,user1062@examp1e.com,2023/03/28,basic,FR,22.0
C100272,Yanis Thomas,user272@examp1e.com,2023/04/01,basic,FR,56.0
C101099,Yanis Leroy,,2023/09/18,plus,FR,16.0
C100335,Noah Dubois,user335@examp1e.com,29/04/2024,basic,FR,
C101199,Léa Petit,user1199@examp1e.com,08/01/2024,plus,FR,82.0
C100437,Jules Robert,user437@examp1e.com,10/07/2024,premium,FR,24.0
C100963,Jules Bernard,,2023/05/11,basic,FR,19.0
C100811,Yanis Bernard,user811@examp1e.com,2024-06-11,basic,FR,18.0
C100863,Yanis Bernard,user863@examp1e.com,2024-04-08,basic,FR,26.0
C100533,Omar Bernard,user533@examp1e.com,2023-06-20,basic,FR,73.0
C100068,Léa Robert,,2023-02-15,basic,FR,20.0
C101066,Camille Dubois,user1066@examp1e.com,09/07/2024,plus,FR,33.0
C100101,Omar Richard,user101@examp1e.com,2023/04/30,plus,FR,48.0
C100047,Omar Robert,user47@examp1e.com,2024-06-19,,FR,69.0
C101141,Omar Richard,,23/07/2023,basic,FR,59.0
C100416,Nina Durand,,04/08/2024,basic,FR,41.0
C100319,Léa Durand,user319@examp1e.com,2024-04-06,basic,FR,30.0
C100499,Emma Robert,user499@examp1e.com,13/09/2023,,FR,24.0
C100462,Sarah Moreau,user462@examp1e.com,25/03/2024,plus,FR,
C100475,Noah Durand,user475@examp1e.com,2024-04-15,premium,FR,
C100695,Jules Bernard,user695@examp1e.com,2023-06-02,basic,FR,16.0
C100806,Léa Leroy,,2023/11/23,basic,FR,33.0
C100117,Jules Moreau,user117@examp1e.com,2023/03/25,basic,FR,53.0
C101087,Emma Dubois,user1087@examp1e.com,2024/08/17,plus,FR,67.0
C100050,Inès Durand,user50@examp1e.com,2024/03/31,basic,FR,77.0
C100586,Yanis Dubois,user586@examp1e.com,2024/02/18,basic,FR,36.0
C100030,Alex Thomas,,28/09/2023,basic,FR,19.0
C100847,Alex Richard,,31/01/2023,basic,FR,31.0
C100429,Noah Durand,,2024-03-05,basic,FR,63.0
C100854,Hugo Moreau,user854@examp1e.com,2023/06/22,,FR,46.0
C100420,Nina Richard,user420@examp1e.com,2024-07-10,basic,FR,35.0
